 ,Label,Area,Mean,Min,Max,X,Y,BiologicalReplicate,CellArea,CellMean,CellTotalFluorescence,CellMin,CellMax,CellStd,X_PoleDim,Y_PoleDim,AreaPoleDim,MeanPoleDim,TotalFluorescencePoleDim,MinPoleDim,MaxPoleDim,StdPoleDim,Nb_Pili_PoleDim,Nb_Flagella_PoleDim,X_PoleBright,Y_PoleBright,AreaPoleBright,MeanPoleBright,TotalFluorescencePoleBright,MinPoleBright,MaxPoleBright,StdPoleBright,Nb_Pili_PoleBright,Nb_Flagella_PoleBright,PolarRatio,Strain,Growth,Cell_ID,StdDev,Median,Slice
1,mNG_pilT_fliC-_liq_Gasket_0_event1_tirf_RAW_Stack.tif,567,255,255,255,34.778659999999995,14.04674,1,639,290.53991,185655.0,136,443,71.94142,324.86127,241.93431,112,250.50893,28057.0,137,357,56.50895,0,0,367.08045,235.67014,112,259.15179,29025.0,132,419,74.95467,0,0,0.8225299999999999,mNG_pilT_fliC-,Liquid,,,,
2,mNG_pilT_fliC-_liq_Gasket_0_event1_tirf_RAW_Stack.tif,382,255,255,255,13.12565,26.92932,1,439,164.12301000000005,72050.0,83,266,37.78119,158.11625,284.00135,80,149.675,11974.0,45,266,64.5996,0,0,161.92796,251.88372,80,157.2625,12581.0,93,216,36.01397,0,0,0.90152,mNG_pilT_fliC-,Liquid,,,,
1,mNG_pilT_fliC-_liq_Gasket_0_event10_tirf_RAW_Stack.tif,641,255,255,255,29.40952,30.13495,1,730,205.47123,149994.0,103,499,55.3492,305.1988,126.70092,137,169.33577,23199.0,80,242,47.61399,0,0,267.52539,157.9665,137,238.56934,32684.0,116,499,97.4591,3,0,0.98822,mNG_pilT_fliC-,Liquid,,,,
2,mNG_pilT_fliC-_liq_Gasket_0_event10_tirf_RAW_Stack.tif,743,255,255,255,17.20929,40.8109,1,837,251.69415,210668.0,139,403,56.96005,364.18886,231.24844,156,234.85897000000003,36638.0,93,378,81.98154,2,0,347.81114,287.75156,156,237.36538,37029.0,115,403,72.77593,0,0,0.9048,mNG_pilT_fliC-,Liquid,,,,
3,mNG_pilT_fliC-_liq_Gasket_0_event10_tirf_RAW_Stack.tif,582,255,255,255,16.24399,33.99828,1,657,172.32725,113219.0,87,364,42.31399,390.95117,462.29286,156,139.23077,21720.0,59,188,35.59646,0,0,401.56098,419.83535,156,183.01923,28551.0,66,364,70.93890999999998,1,0,0.88308,mNG_pilT_fliC-,Liquid,,,,
4,mNG_pilT_fliC-_liq_Gasket_0_event10_tirf_RAW_Stack.tif,501,255,255,255,22.46806,31.49401,1,571,203.68827,116306.0,102,280,48.40673,153.48508,407.0771,137,172.21898000000004,23594.0,70,249,46.6575,0,0,132.68469,436.04473,137,182.67883,25027.0,89,280,57.93847,0,0,0.77864,mNG_pilT_fliC-,Liquid,,,,
1,mNG_pilT_fliC-_liq_Gasket_0_event11_tirf_RAW_Stack.tif,455,255,255,255,13.13736,30.73297,1,514,197.51751,101524.0,98,287,42.87723,120.95735,193.8649,112,188.6875,21133.0,75,280,52.558,2,0,113.6012,226.26238,112,193.22321,21641.0,76,287,57.22434000000001,0,0,0.94259,mNG_pilT_fliC-,Liquid,,,,
2,mNG_pilT_fliC-_liq_Gasket_0_event11_tirf_RAW_Stack.tif,435,255,255,255,9.66092,32.8977,1,491,236.49287,116118.0,114,443,56.05571,140.84174,296.93606,137,179.0292,24527.0,63,257,57.01405,2,0,137.24665,329.95703,137,250.9708,34383.0,94,443,89.93069,0,0,0.81553,mNG_pilT_fliC-,Liquid,,,,
3,mNG_pilT_fliC-_liq_Gasket_0_event11_tirf_RAW_Stack.tif,843,255,255,255,35.82859000000001,29.453740000000003,1,953,245.65687000000003,234111.0,131,382,49.1368,363.52941,187.88235,156,222.98077,34785.0,117,329,58.99901,2,0,312.47059,224.11765,156,242.96154,37902.0,127,382,70.94395,0,0,0.92511,mNG_pilT_fliC-,Liquid,,,,
1,mNG_pilT_fliC-_liq_Gasket_0_event12_tirf_RAW_Stack.tif,497,255,255,255,19.40342,28.240440000000003,1,564,231.94326,130816.0,147,415,46.64876,363.40514,282.29131,137,199.36496,27313.0,113,269,46.60786,0,0,347.22628,251.37713,137,258.27007000000003,35383.0,129,415,71.25653,0,0,0.97412,mNG_pilT_fliC-,Liquid,,,,
2,mNG_pilT_fliC-_liq_Gasket_0_event12_tirf_RAW_Stack.tif,847,255,255,255,47.20012,16.19303,1,949,492.38145,467270.0,215,729,118.6955,250.20007,359.41024,137,402.85401,55191.0,182,554,104.97784,0,0,316.69518,345.10334,137,504.52555,69120.0,212,729,163.96005,0,0,0.89294,mNG_pilT_fliC-,Liquid,,,,
1,mNG_pilT_fliC-_liq_Gasket_0_event13_tirf_RAW_Stack.tif,615,255,255,255,16.9374,35.61382000000001,1,692,336.59971,232927.0,164,548,67.51725,321.43419,328.15429,137,298.16058,40848.0,111,520,111.85278999999998,0,0,309.51526,282.85901,137,348.41606,47733.0,189,548,97.77071,0,0,0.93618,mNG_pilT_fliC-,Liquid,,,,
2,mNG_pilT_fliC-_liq_Gasket_0_event13_tirf_RAW_Stack.tif,461,255,255,255,21.22668,25.090020000000006,1,528,129.99811,68639.0,73,188,26.399890000000006,259.66644,447.47588,112,122.0,13664.0,65,168,28.4567,0,0,240.00085,418.75134,112,124.99107,13999.0,64,188,34.45574000000001,0,0,0.91621,mNG_pilT_fliC-,Liquid,,,,
3,mNG_pilT_fliC-_liq_Gasket_0_event13_tirf_RAW_Stack.tif,377,255,255,255,29.187,19.85013,1,435,157.0069,68298.0,80,450,63.61391999999999,295.98325,462.62276,112,116.26786,13022.0,71,143,20.65285,0,0,323.5541,473.56687,112,219.48214,24582.0,80,450,96.54892,1,0,1.15402,mNG_pilT_fliC-,Liquid,,,,
4,mNG_pilT_fliC-_liq_Gasket_0_event13_tirf_RAW_Stack.tif,981,255,255,255,40.89653,35.72834,1,1107,141.88799,157070.0,75,212,29.27988,60.38388000000001,400.68759,156,114.17949,17812.0,48,157,30.6193,0,0,115.73468,450.06121,156,135.55128,21146.0,47,206,46.40499000000001,0,0,0.84046,mNG_pilT_fliC-,Liquid,,,,
1,mNG_pilT_fliC-_liq_Gasket_0_event14_tirf_RAW_Stack.tif,533,255,255,255,29.894,23.75891,1,607,157.09885,95359.0,79,271,37.64929,241.72102,101.63949,112,137.63393,15415.0,72,184,31.25426,0,0,207.74866,122.49504,112,168.28571000000005,18848.0,72,271,57.65171,0,0,0.95888,mNG_pilT_fliC-,Liquid,,,,
2,mNG_pilT_fliC-_liq_Gasket_0_event14_tirf_RAW_Stack.tif,635,255,255,255,29.04331,30.99606,1,725,209.83448,152130.0,97,368,52.23819,193.77751,442.75333,137,183.22628,25102.0,64,285,59.25444,0,0,225.43081,406.3028,137,208.42336,28554.0,80,368,70.48725,2,0,0.89686,mNG_pilT_fliC-,Liquid,,,,
3,mNG_pilT_fliC-_liq_Gasket_0_event14_tirf_RAW_Stack.tif,651,255,255,255,40.35868,13.237329999999998,1,731,178.99726,130847.0,105,327,34.80982,423.56324000000006,177.0704,177,156.41808,27686.0,64,220,46.06918,0,0,375.39902,170.19339,177,175.73446,31105.0,74,327,57.61039,0,0,0.86892,mNG_pilT_fliC-,Liquid,,,,
1,mNG_pilT_fliC-_liq_Gasket_0_event15_tirf_RAW_Stack.tif,835,255,255,255,45.08443,13.911979999999998,1,935,243.62567,227790.0,123,478,63.36716,258.79901,442.35433,137,203.87591,27931.0,66,352,77.13324,0,0,322.11737,426.31585,137,277.47445,38014.0,107,478,105.84576,2,0,0.98295,mNG_pilT_fliC-,Liquid,,,,
2,mNG_pilT_fliC-_liq_Gasket_0_event15_tirf_RAW_Stack.tif,413,255,255,255,26.22397,19.20944,1,473,232.40381,109927.0,130,352,53.04346999999999,237.73212,141.25333,112,187.13393,20959.0,115,250,32.475770000000004,0,0,263.86369,156.43185,112,222.14286,24880.0,126,321,49.77732,0,0,0.79508,mNG_pilT_fliC-,Liquid,,,,
1,mNG_pilT_fliC-_liq_Gasket_0_event16_tirf_RAW_Stack.tif,564,255,255,255,22.44858,31.20035,1,639,276.50704,176688.0,141,589,78.58776999999998,381.23932,157.51885,137,219.91241,30128.0,105,293,43.37329,0,0,398.55701,192.08539,137,328.58394,45016.0,140,589,133.35416,0,0,0.98579,mNG_pilT_fliC-,Liquid,,,,
1,mNG_pilT_fliC-_liq_Gasket_0_event17_tirf_RAW_Stack.tif,562,255,255,255,10.66192,35.84342,1,629,327.80604,206190.0,195,423,57.25833000000001,324.20964,299.9204299999999,137,291.0365,39872.0,174,383,55.10556999999999,0,0,327.27522,258.03986000000003,137,302.38686,41427.0,127,417,86.74432,0,0,0.8434,mNG_pilT_fliC-,Liquid,,,,
2,mNG_pilT_fliC-_liq_Gasket_0_event17_tirf_RAW_Stack.tif,380,255,255,255,27.96579,13.17895,1,434,168.45161000000004,73108.0,85,287,41.82493,129.65745,181.93273,137,139.0,19043.0,70,195,34.83596,0,0,101.34366,186.07488,137,174.79562,23947.0,62,287,59.53214000000001,0,0,0.8335100000000001,mNG_pilT_fliC-,Liquid,,,,
1,mNG_pilT_fliC-_liq_Gasket_0_event18_tirf_RAW_Stack.tif,767,255,255,255,25.79596,35.58735,1,868,221.07719,191895.0,124,314,48.59813,235.61757000000003,286.45658,137,165.24088,22638.0,81,244,40.07374,0,0,205.27744,235.60614,137,216.82482,29705.0,112,307,53.97479000000001,0,0,0.81313,mNG_pilT_fliC-,Liquid,,,,
1,mNG_pilT_fliC-_liq_Gasket_0_event19_tirf_RAW_Stack.tif,681,255,255,255,33.85242,23.68502,1,771,297.2996100000001,229218.0,148,598,71.74172,244.33438,265.59931,137,281.29197,38537.0,123,474,101.32854,4,0,197.40553,242.93985,137,323.23358,44283.0,151,598,116.64843,0,0,1.02614,mNG_pilT_fliC-,Liquid,,,,
1,mNG_pilT_fliC-_liq_Gasket_0_event2_tirf_RAW_Stack.tif,507,255,255,255,23.69132,24.75444,1,578,223.3218,129080.0,89,337,60.26201999999999,149.61233,220.57199,112,172.25893,19293.0,46,267,56.64489,0,0,174.78249,193.85601,112,197.82143,22156.0,83,312,64.95199000000001,0,0,0.7475,mNG_pilT_fliC-,Liquid,,,,
2,mNG_pilT_fliC-_liq_Gasket_0_event2_tirf_RAW_Stack.tif,390,255,255,255,24.52308,14.98718,1,444,204.75901,90913.0,98,296,47.32161,217.09645,322.36013,137,153.46715,21025.0,23,252,56.37546,0,0,192.71046,314.22074,137,198.18248,27151.0,77,290,53.21726,0,0,0.6994,mNG_pilT_fliC-,Liquid,,,,
3,mNG_pilT_fliC-_liq_Gasket_0_event2_tirf_RAW_Stack.tif,647,255,255,255,34.01468,26.08578,1,734,421.36649000000006,309283.0,190,673,105.91786,379.99887,188.85503,137,338.4087600000001,46362.0,147,519,100.16402,0,0,342.00113,218.14497000000003,137,353.0146,48363.0,149,515,110.10703,0,0,0.74119,mNG_pilT_fliC-,Liquid,,,,
4,mNG_pilT_fliC-_liq_Gasket_0_event2_tirf_RAW_Stack.tif,609,255,255,255,12.56404,40.72989000000001,1,682,278.0176,189608.0,138,473,72.37484,240.2191,195.65284,208,201.23558,41857.0,74,311,67.12313,0,0,238.1148,238.30827,208,288.55288,60019.0,97,473,108.63651000000002,0,0,0.74251,mNG_pilT_fliC-,Liquid,,,,
1,mNG_pilT_fliC-_liq_Gasket_0_event20_tirf_RAW_Stack.tif,548,255,255,255,23.04015,32.085770000000004,1,620,230.48548,142901.0,111,392,54.37596,193.44766,327.34981,137,217.86131,29847.0,83,351,60.62192,0,0,211.4277,360.17848,137,232.87591,31904.0,90,392,84.85597,3,0,0.96091,mNG_pilT_fliC-,Liquid,,,,
2,mNG_pilT_fliC-_liq_Gasket_0_event21_tirf_RAW_Stack.tif,655,255,255,255,28.25267,29.12595,1,744,359.84409,267724.0,182,611,80.515,342.5094200000001,275.38852,137,308.52555,42268.0,140,462,79.20729,0,0,309.27657,309.40269,137,365.85401,50122.0,150,611,125.4144,1,0,0.90387,mNG_pilT_fliC-,Liquid,,,,
1,mNG_pilT_fliC-_liq_Gasket_0_event22_tirf_RAW_Stack.tif,473,255,255,255,13.11945,31.38372,1,537,328.5419,176427.0,182,460,75.20188,281.2027,347.47973,112,266.25893,29821.0,127,365,63.0232,0,0,271.38094,312.63885,112,316.79464,35481.0,156,448,89.75825,0,0,0.8211299999999999,mNG_pilT_fliC-,Liquid,,,,
1,mNG_pilT_fliC-_liq_Gasket_0_event23_tirf_RAW_Stack.tif,720,255,255,255,19.93889,45.06944,1,808,196.10891,158456.0,94,403,47.00867,198.26868,283.16214,137,171.90511,23551.0,89,230,38.05045,0,0,209.73132,338.8378600000001,137,219.9781,30137.0,70,403,83.2932,1,0,0.99871,mNG_pilT_fliC-,Liquid,,,,
2,mNG_pilT_fliC-_liq_Gasket_0_event23_tirf_RAW_Stack.tif,950,255,255,255,23.55053,50.01684,1,1066,255.58818,272457.0,139,439,54.63016,361.22781,230.60545,156,228.65385,35670.0,103,349,62.56925,1,0,341.92108,299.4363,156,268.03846,41814.0,109,439,100.72856,1,0,0.9604,mNG_pilT_fliC-,Liquid,,,,
1,mNG_pilT_fliC-_liq_Gasket_0_event24_tirf_RAW_Stack.tif,699,255,255,255,11.50858,44.12947,1,784,330.8227,259365.0,158,574,70.64055,226.4409,126.99628,137,289.15328,39614.0,135,437,82.95258000000003,0,0,226.4409,183.00372,137,327.4379600000001,44859.0,128,574,121.94357,3,0,0.89902,mNG_pilT_fliC-,Liquid,,,,
2,mNG_pilT_fliC-_liq_Gasket_0_event24_tirf_RAW_Stack.tif,599,255,255,255,31.55175,21.19449,1,680,252.31324,171573.0,130,357,49.86306,231.08591,353.69323,112,209.88393,23507.0,96,297,59.94318000000001,0,0,262.4465,332.09799,112,231.32143,25908.0,103,357,68.14944,0,0,0.8234799999999999,mNG_pilT_fliC-,Liquid,,,,
1,mNG_pilT_fliC-_liq_Gasket_0_event25_tirf_RAW_Stack.tif,693,255,255,255,16.05844,39.29076,1,775,294.65677,228359.0,163,630,67.47273,285.37765,305.899,137,247.70073,33935.0,108,337,59.37398,0,0,297.48304,255.06786,137,320.44526,43901.0,139,630,123.48362,2,0,0.94551,mNG_pilT_fliC-,Liquid,,,,
1,mNG_pilT_fliC-_liq_Gasket_0_event26_tirf_RAW_Stack.tif,422,255,255,255,27.22038,19.94787,1,483,165.83851,80100.0,84,377,45.62852,186.90973,264.81304,112,153.5,17192.0,91,193,28.1537,0,0,160.02361000000005,280.06956,112,193.32143,21652.0,72,377,76.86518000000002,0,0,1.08865,mNG_pilT_fliC-,Liquid,,,,
2,mNG_pilT_fliC-_liq_Gasket_0_event26_tirf_RAW_Stack.tif,516,255,255,255,30.75581,16.2345,1,590,139.99492,82597.0,73,309,36.77161,376.02344,424.58145,97,128.80411999999998,12494.0,72,165,22.4674,0,0,417.03566,438.2418,97,160.90722,15608.0,59,309,74.91176999999998,0,0,1.05263,mNG_pilT_fliC-,Liquid,,,,
3,mNG_pilT_fliC-_liq_Gasket_0_event26_tirf_RAW_Stack.tif,492,255,255,255,11.92683,30.39837,1,551,226.27223,124676.0,124,416,47.79854,373.37673,247.14124,112,211.48214,23686.0,84,311,62.84157,0,0,368.86793,211.82754,112,240.61607,26949.0,100,416,88.11962,0,0,0.99834,mNG_pilT_fliC-,Liquid,,,,
4,mNG_pilT_fliC-_liq_Gasket_0_event26_tirf_RAW_Stack.tif,585,255,255,255,27.17521,30.40085,1,670,118.11343,79136.0,71,165,22.1555,49.84987,406.55905,112,108.77679,12183.0,67,142,23.185,0,0,80.83301999999998,440.72885,112,120.36607,13481.0,63,165,26.89486,0,0,0.95562,mNG_pilT_fliC-,Liquid,,,,
1,mNG_pilT_fliC-_liq_Gasket_0_event27_tirf_RAW_Stack.tif,890,255,255,255,21.77079,45.73933,1,1005,282.76318,284177.0,132,698,80.21264000000002,309.84275,463.29372,137,224.57664,30767.0,91,351,65.42539000000001,0,0,283.30404,395.64861,137,346.29197,47442.0,121,698,138.06873000000002,2,0,1.01303,mNG_pilT_fliC-,Liquid,,,,
2,mNG_pilT_fliC-_liq_Gasket_0_event27_tirf_RAW_Stack.tif,589,255,255,255,27.18081,33.24024,1,670,285.9089600000001,191559.0,151,416,62.71793,271.80461,253.24957,137,248.15328,33997.0,130,361,58.96433,0,0,250.83529,290.54751,137,253.36496,34711.0,83,392,96.07387,0,0,0.8083,mNG_pilT_fliC-,Liquid,,,,
1,mNG_pilT_fliC-_liq_Gasket_0_event28_tirf_RAW_Stack.tif,516,255,255,255,28.8062,23.00581,1,592,148.74493,88057.0,77,245,33.40037,106.66777,319.66754,112,147.58036,16529.0,83,213,39.97491,1,0,137.51793999999998,345.10769,112,158.90178999999995,17797.0,70,245,51.12535,0,0,1.04954,mNG_pilT_fliC-,Liquid,,,,
1,mNG_pilT_fliC-_liq_Gasket_0_event29_tirf_RAW_Stack.tif,630,255,255,255,9.45556,41.69206,1,707,243.15559,171911.0,143,476,50.02494,258.34317000000004,265.72378,112,203.08036,22745.0,94,261,49.44068,0,0,258.36377000000005,316.2739,112,269.16071,30146.0,108,476,97.91737,0,0,0.95821,mNG_pilT_fliC-,Liquid,,,,
2,mNG_pilT_fliC-_liq_Gasket_0_event29_tirf_RAW_Stack.tif,443,255,255,255,20.74379,26.16817,1,506,183.05929,92628.0,91,309,41.94901,161.07151000000005,106.80961,112,154.07143,17256.0,83,196,32.756190000000004,0,0,140.48913000000002,82.56271,112,191.0,21392.0,91,309,59.84951,0,0,0.90135,mNG_pilT_fliC-,Liquid,,,,
1,mNG_pilT_fliC-_liq_Gasket_0_event3_tirf_RAW_Stack.tif,549,255,255,255,11.83333,38.8224,1,621,309.7649,192364.0,179,652,72.68646,293.66336,235.38624,97,290.56701,28185.0,120,455,87.45069000000002,2,0,296.01731,283.69348,97,343.89691,33358.0,140,652,148.47787,1,0,1.03545,mNG_pilT_fliC-,Liquid,,,,
2,mNG_pilT_fliC-_liq_Gasket_0_event3_tirf_RAW_Stack.tif,828,255,255,255,28.97101,37.84541,1,936,309.88141,290049.0,168,453,70.86735,303.72197,385.24131,156,249.48718,38920.0,110,360,70.83097,0,0,269.04429,333.2489700000001,156,293.78205,45830.0,146,443,80.9065,0,0,0.82563,mNG_pilT_fliC-,Liquid,,,,
3,mNG_pilT_fliC-_liq_Gasket_0_event3_tirf_RAW_Stack.tif,655,255,255,255,34.2374,24.12748,1,751,132.95206000000002,99847.0,57,236,32.3112,175.90334,151.20855,112,115.48214,12934.0,34,184,38.16229000000001,0,0,127.44368,179.66724,112,143.21428999999995,16040.0,49,236,51.17598,0,0,0.96181,mNG_pilT_fliC-,Liquid,,,,
4,mNG_pilT_fliC-_liq_Gasket_0_event3_tirf_RAW_Stack.tif,736,255,255,255,39.16168,28.92799,1,834,178.56595,148924.0,98,251,40.56073,44.39428,174.69082,156,146.53205,22859.0,63,206,40.53313,0,0,89.6683,206.21934,156,166.50641000000005,25975.0,55,248,57.75136,0,0,0.8163,mNG_pilT_fliC-,Liquid,,,,
5,mNG_pilT_fliC-_liq_Gasket_0_event3_tirf_RAW_Stack.tif,639,255,255,255,29.34351,28.98983,1,727,159.96561,116295.0,76,287,38.54892,490.12556,116.04475,137,142.0073,19455.0,63,202,38.81053,1,0,453.68211,147.73408,137,159.94891,21913.0,56,287,64.39793,0,0,0.9128,mNG_pilT_fliC-,Liquid,,,,
1,mNG_pilT_fliC-_liq_Gasket_0_event30_tirf_RAW_Stack.tif,833,255,255,255,40.41717,20.37875,1,935,535.72834,500906.0,252,1112,135.99533,230.8756,270.50732,137,461.54745,63232.0,243,618,108.75742,0,0,287.9969200000001,248.16778,137,612.32847,83889.0,252,1112,216.8868,1,0,1.0032,mNG_pilT_fliC-,Liquid,,,,
1,mNG_pilT_fliC-_liq_Gasket_0_event4_tirf_RAW_Stack.tif,376,255,255,255,19.39096,19.22606,1,435,188.9931,82212.0,113,278,44.51999,195.72449,126.64067,97,151.81443000000004,14726.0,85,206,31.94961,0,0,175.45658,106.19728,97,206.05155,19987.0,106,278,49.15566,0,0,0.90787,mNG_pilT_fliC-,Liquid,,,,
2,mNG_pilT_fliC-_liq_Gasket_0_event4_tirf_RAW_Stack.tif,446,255,255,255,25.02466,23.10538,1,514,190.40856,97870.0,96,406,56.5856,122.46199,300.51223,112,166.66071000000005,18666.0,94,218,35.41226,0,0,144.24196,274.24295,112,231.64286,25944.0,105,406,89.77266999999998,0,0,1.08438,mNG_pilT_fliC-,Liquid,,,,
3,mNG_pilT_fliC-_liq_Gasket_0_event4_tirf_RAW_Stack.tif,468,255,255,255,27.7906,16.681620000000002,1,528,264.56818,139692.0,154,347,52.21459,195.8048,241.33957,112,236.08036,26441.0,150,311,43.66233,0,0,226.34835,250.11612,112,246.85714,27648.0,135,325,54.96532,0,0,0.8575200000000001,mNG_pilT_fliC-,Liquid,,,,
4,mNG_pilT_fliC-_liq_Gasket_0_event4_tirf_RAW_Stack.tif,393,255,255,255,30.00891,12.82824,1,447,244.0604,109095.0,135,375,51.52455,188.12231,297.91939,97,233.72165,22671.0,132,335,50.30444,1,0,219.82767,302.4253,97,247.41237,23999.0,104,375,82.6337,0,0,0.97499,mNG_pilT_fliC-,Liquid,,,,
5,mNG_pilT_fliC-_liq_Gasket_0_event4_tirf_RAW_Stack.tif,654,255,255,255,35.20795,14.93119,1,737,261.35142,192616.0,121,350,57.1192,353.3341200000001,110.98349,156,242.22436,37787.0,96,344,77.95264,0,0,307.24853,123.47866,156,252.46795,39385.0,114,350,68.88667,0,0,0.91059,mNG_pilT_fliC-,Liquid,,,,
6,mNG_pilT_fliC-_liq_Gasket_0_event4_tirf_RAW_Stack.tif,609,255,255,255,35.46388,19.17488,1,687,240.28384,165075.0,133,364,55.05446,379.06233,477.98343,137,206.76642,28327.0,122,305,52.473,0,0,336.8932200000001,463.14299000000005,137,235.79562,32304.0,90,346,68.9209,1,0,0.8750100000000001,mNG_pilT_fliC-,Liquid,,,,
7,mNG_pilT_fliC-_liq_Gasket_0_event4_tirf_RAW_Stack.tif,517,255,255,255,28.72244,27.73598,1,594,179.43939,106587.0,81,274,36.46982,175.66122,406.36984,112,172.22321000000005,19289.0,72,270,53.8193,0,0,205.40278,433.62871,112,183.42857,20544.0,81,274,52.03165,0,0,0.98564,mNG_pilT_fliC-,Liquid,,,,
8,mNG_pilT_fliC-_liq_Gasket_0_event4_tirf_RAW_Stack.tif,773,255,255,255,32.59961,32.17917,1,873,202.37686,176675.0,102,371,49.3501,188.79235,451.75673,156,165.51282,25820.0,72,242,46.81983,1,0,150.22086000000004,413.22583,156,227.48077,35487.0,104,371,72.64536,1,0,0.95551,mNG_pilT_fliC-,Liquid,,,,
1,mNG_pilT_fliC-_liq_Gasket_0_event5_tirf_RAW_Stack.tif,494,255,255,255,34.30364,13.18016,1,558,188.46057,105161.0,104,364,48.213,191.36122,168.36312,156,154.37179,24082.0,70,226,41.05342,1,0,223.72059,176.29933,156,223.79487000000003,34912.0,105,364,68.61428000000001,0,0,1.00753,mNG_pilT_fliC-,Liquid,,,,
2,mNG_pilT_fliC-_liq_Gasket_0_event5_tirf_RAW_Stack.tif,390,255,255,255,26.31538,21.75641,1,446,269.84529,120351.0,152,364,55.31065,309.4602,171.79943,112,240.32143,26916.0,123,338,60.9345,0,0,329.4392,188.32194,112,257.625,28854.0,141,328,54.32603,0,0,0.8558600000000001,mNG_pilT_fliC-,Liquid,,,,
3,mNG_pilT_fliC-_liq_Gasket_0_event5_tirf_RAW_Stack.tif,381,255,255,255,20.96982,20.01706,1,437,289.86957,126673.0,139,414,69.65804,358.39245,323.36487,112,237.15179,26561.0,137,343,53.45356,0,0,379.49164,306.49034,112,271.29464,30385.0,145,369,61.34258000000001,0,0,0.77659,mNG_pilT_fliC-,Liquid,,,,
1,mNG_pilT_fliC-_liq_Gasket_0_event6_tirf_RAW_Stack.tif,501,255,255,255,12.69561,33.3523,1,566,204.4841,115738.0,104,402,51.57449,155.80542,251.75301,112,192.80357,21594.0,83,261,49.75106,0,0,161.92945,289.29039,112,227.58036,25489.0,89,402,88.19191,1,0,1.04706,mNG_pilT_fliC-,Liquid,,,,
2,mNG_pilT_fliC-_liq_Gasket_0_event6_tirf_RAW_Stack.tif,710,255,255,255,18.94225,43.97746,1,795,338.7937100000001,269341.0,178,457,70.63398000000002,371.48522,277.7621,137,283.72263,38870.0,134,393,68.81088000000001,0,0,383.55814,226.24807,137,316.38686,43345.0,131,451,89.90405,0,0,0.83542,mNG_pilT_fliC-,Liquid,,,,
3,mNG_pilT_fliC-_liq_Gasket_0_event6_tirf_RAW_Stack.tif,484,255,255,255,26.97314,24.07438,1,554,197.86282,109616.0,88,368,52.87786,135.34445,197.15631,112,167.08928999999995,18714.0,99,228,40.61455,1,0,157.30745,167.58386000000004,112,225.5625,25263.0,99,368,77.38727,0,0,0.98703,mNG_pilT_fliC-,Liquid,,,,
1,mNG_pilT_fliC-_liq_Gasket_0_event7_tirf_RAW_Stack.tif,810,255,255,255,39.52346,28.44568,1,920,194.81413,179229.0,100,393,46.97689,165.53893,403.63934,137,182.0219,24937.0,74,310,65.10901,0,0,110.57763,371.16343,137,213.45255,29243.0,108,393,73.78107,1,0,1.02151,mNG_pilT_fliC-,Liquid,,,,
2,mNG_pilT_fliC-_liq_Gasket_0_event7_tirf_RAW_Stack.tif,473,255,255,255,25.28858,26.91226,1,542,207.33395,112375.0,110,339,45.07432,283.90325,341.15507,112,179.16071000000005,20066.0,96,231,38.42075,0,0,307.33878,367.63016,112,212.125,23758.0,101,339,66.37487,1,0,0.90756,mNG_pilT_fliC-,Liquid,,,,
3,mNG_pilT_fliC-_liq_Gasket_0_event7_tirf_RAW_Stack.tif,544,255,255,255,25.98162,28.297790000000006,1,618,194.36084,120115.0,103,293,46.49802,438.53635,381.89827,137,158.94891,21776.0,76,239,47.04555,0,0,410.46365,356.10173,137,171.05109,23434.0,91,241,38.98648,0,0,0.75776,mNG_pilT_fliC-,Liquid,,,,
4,mNG_pilT_fliC-_liq_Gasket_0_event7_tirf_RAW_Stack.tif,480,255,255,255,32.42083,17.55625,1,544,574.31434,312427.0,285,881,140.8192,384.5589,252.34401,112,472.44643,52914.0,226,617,114.03317,0,0,350.41978,241.72448,112,596.90179,66853.0,278,881,183.26513,0,0,0.88807,mNG_pilT_fliC-,Liquid,,,,
5,mNG_pilT_fliC-_liq_Gasket_0_event7_tirf_RAW_Stack.tif,416,255,255,255,33.85096,11.92067,1,474,272.87764,129344.0,155,653,82.50265,225.02101,243.22316,97,229.82474,22293.0,167,272,30.28511,0,0,260.05163,247.12029,97,322.90722,31322.0,112,653,161.15728,0,0,1.02183,mNG_pilT_fliC-,Liquid,,,,
1,mNG_pilT_fliC-_liq_Gasket_0_event8_tirf_RAW_Stack.tif,909,255,255,255,35.01045,41.30748,1,1025,341.90634,350454.0,174,661,81.50825,307.20294,318.39485,137,274.25547,37573.0,149,369,63.79194,0,0,344.20292,261.22099,137,397.43796,54449.0,157,661,132.77811,1,0,0.97597,mNG_pilT_fliC-,Liquid,,,,
2,mNG_pilT_fliC-_liq_Gasket_0_event8_tirf_RAW_Stack.tif,413,255,255,255,21.55327,21.06659,1,472,354.93432,167529.0,177,474,76.96656999999998,260.09162000000003,235.421,112,327.83929,36718.0,179,442,80.16206,1,0,236.13032,250.92181,112,360.26786,40350.0,205,454,71.59886,0,0,0.94323,mNG_pilT_fliC-,Liquid,,,,
3,mNG_pilT_fliC-_liq_Gasket_0_event8_tirf_RAW_Stack.tif,448,255,255,255,33.32812,16.14509,1,507,183.31755,92942.0,87,257,43.21771,69.03441,185.44301,137,146.78832,20110.0,72,203,35.57168,0,0,100.01755,193.35483,137,161.94891,22187.0,63,250,55.87109,0,0,0.7102,mNG_pilT_fliC-,Liquid,,,,
1,mNG_pilT_fliC-_liq_Gasket_0_event9_tirf_RAW_Stack.tif,433,255,255,255,21.05196,28.095840000000006,1,497,187.70624,93290.0,80,304,46.40011,168.21148,163.72836999999996,97,170.89691000000005,16577.0,48,304,73.67715,0,0,153.10252,193.92923,97,176.98969,17168.0,71,243,50.68787,2,0,0.88513,mNG_pilT_fliC-,Liquid,,,,
2,mNG_pilT_fliC-_liq_Gasket_0_event9_tirf_RAW_Stack.tif,396,255,255,255,21.49747,23.83081,1,456,216.4364,98695.0,121,366,48.14224,236.77627,167.35724,112,189.10714,21180.0,115,235,33.43768,0,0,255.36406,189.52499,112,218.09821,24427.0,96,366,69.95391,1,0,0.88976,mNG_pilT_fliC-,Liquid,,,,
3,mNG_pilT_fliC-_liq_Gasket_0_event9_tirf_RAW_Stack.tif,763,255,255,255,21.62189,34.53277,1,860,235.40465,202448.0,141,376,48.77755,336.16745,351.5924100000001,137,181.22628,24828.0,73,285,58.16723,0,0,311.34174,298.63751,137,238.51095,32676.0,119,376,69.45398,1,0,0.84849,mNG_pilT_fliC-,Liquid,,,,
4,mNG_pilT_fliC-_liq_Gasket_0_event9_tirf_RAW_Stack.tif,924,255,255,255,54.55303000000001,26.34957,1,1046,159.75239,167101.0,83,415,47.9496,213.79188,85.71718,137,152.26277,20860.0,77,288,54.04903,2,0,286.8230700000001,112.33431000000002,137,203.9927,27947.0,67,415,96.82979,1,0,1.16248,mNG_pilT_fliC-,Liquid,,,,
1,mNG_pilT_fliC-_sol_Gasket_1_event10_tirf_RAW_Stack.tif,1199,255,255,255,59.59842,37.81359000000001,1,1341,295.56525,396353.0,129,716,78.78147,224.63711,294.9769,137,307.53285,42132.0,114,473,93.02657,5,0,303.28565,335.17422,137,361.47445,49522.0,101,716,168.76943,3,0,1.17137,mNG_pilT_fliC-,Solid,,,,
1,mNG_pilT_fliC-_sol_Gasket_1_event11_tirf_RAW_Stack.tif,624,255,255,255,39.63141,10.72596,1,694,308.16859,213869.0,130,459,67.92364,221.85673,219.49209,156,256.27564,39979.0,97,356,66.49672,1,0,262.16654,215.75927,156,303.73718,47383.0,109,459,100.34361,0,0,0.84551,mNG_pilT_fliC-,Solid,,,,
1,mNG_pilT_fliC-_sol_Gasket_1_event12_tirf_RAW_Stack.tif,1251,255,255,255,18.81415,61.42086,1,1385,266.36534,368916.0,128,457,56.4279,265.02917,191.3436,156,247.52564,38614.0,84,457,87.25295,5,0,244.89466,281.41783,156,255.29487000000003,39826.0,129,367,70.92506,0,0,0.92869,mNG_pilT_fliC-,Solid,,,,
1,mNG_pilT_fliC-_sol_Gasket_1_event15_tirf_RAW_Stack.tif,775,255,255,255,20.03677,41.23419000000001,1,867,258.9827,224538.0,143,459,57.00854,275.90859,303.82537,156,264.32051,41234.0,117,459,81.90143,3,0,255.69067,252.93804,156,264.62821,41282.0,116,449,89.69088,0,0,1.03352,mNG_pilT_fliC-,Solid,,,,
1,mNG_pilT_fliC-_sol_Gasket_1_event16_tirf_RAW_Stack.tif,1044,255,255,255,44.21073,36.45785,1,1178,194.54584,229175.0,86,341,53.22872,221.21087000000003,345.81896,177,163.38418,28919.0,42,287,61.43714,3,0,159.62043,299.4052,177,206.32203,36519.0,101,341,60.69777,0,0,0.93027,mNG_pilT_fliC-,Solid,,,,
1,mNG_pilT_fliC-_sol_Gasket_1_event17_tirf_RAW_Stack.tif,1472,255,255,255,21.33492,76.67527,1,1629,240.03315,391014.0,131,499,53.58896,268.88468,190.72716,112,248.11607,27789.0,113,382,72.26948,1,0,294.27942,300.46623,112,295.90179,33141.0,131,499,106.08028,2,0,1.1578,mNG_pilT_fliC-,Solid,,,,
1,mNG_pilT_fliC-_sol_Gasket_1_event18_tirf_RAW_Stack.tif,945,255,255,255,37.49365,39.33175,1,1067,377.1134,402380.0,175,545,86.92690999999998,265.88804,312.86005,156,345.39103,53881.0,97,526,113.24803,3,0,216.13235,263.12144,156,347.70513,54242.0,147,504,111.90666,0,0,0.8891700000000001,mNG_pilT_fliC-,Solid,,,,
1,mNG_pilT_fliC-_sol_Gasket_1_event2_tirf_RAW_Stack.tif,983,255,255,255,51.94964,22.77467,1,1099,113.09372,124290.0,60,203,23.22028,375.43461,36.31292,156,107.46154,16764.0,45,167,33.72917,3,0,302.25518,20.10931,156,122.86538,19167.0,66,203,36.01238,0,0,1.02574,mNG_pilT_fliC-,Solid,,,,
1,mNG_pilT_fliC-_sol_Gasket_1_event20_tirf_RAW_Stack.tif,1016,255,255,255,44.44094000000001,33.32382,1,1137,326.60246,371347.0,119,769,90.03475999999998,104.66505,173.43095,156,301.25,46995.0,104,463,89.91821999999998,3,0,161.86705,213.81467,156,392.67949,61258.0,119,769,145.66422,2,0,1.088,mNG_pilT_fliC-,Solid,,,,
1,mNG_pilT_fliC-_sol_Gasket_1_event4_tirf_RAW_Stack.tif,744,255,255,255,17.87634,43.35618,1,837,424.03465,354917.0,201,1011,137.25359,222.63882,438.78215,97,411.05155,39872.0,80,736,191.67254,3,0,206.50124,380.17929,97,616.2268,59774.0,253,1011,221.57474,4,0,1.2938,mNG_pilT_fliC-,Solid,,,,
1,mNG_pilT_fliC-_sol_Gasket_1_event5_tirf_RAW_Stack.tif,564,255,255,255,24.93617,30.43262,1,642,511.37695,328304.0,212,1037,136.74393,250.03921,253.77361,137,534.51825,73229.0,239,790,142.47745,2,0,273.50357,284.81565,137,556.0292,76176.0,169,1037,214.69513,3,0,1.12164,mNG_pilT_fliC-,Solid,,,,
1,mNG_pilT_fliC-_sol_Gasket_1_event6_tirf_RAW_Stack.tif,904,255,255,255,51.76106,20.16593,1,1011,224.17211,226638.0,130,361,44.96569,231.42347,267.21965,156,207.67949,32398.0,115,283,49.72362,2,0,296.78132,283.98095,156,245.27564,38263.0,126,361,65.37017,0,0,1.01494,mNG_pilT_fliC-,Solid,,,,
1,mNG_pilT_fliC-_sol_Gasket_1_event7_tirf_RAW_Stack.tif,1007,255,255,255,43.71351,42.77905,1,1136,274.0581,311330.0,131,491,75.304,177.5677,229.30179,156,260.37179,40618.0,87,466,94.98864,6,0,230.57345,280.58124,156,308.86538,48183.0,87,491,126.28683,4,0,1.05391,mNG_pilT_fliC-,Solid,,,,
1,mNG_pilT_fliC-_sol_Gasket_1_event9_tirf_RAW_Stack.tif,1201,255,255,255,38.26936,29.08118,1,1333,340.19205,453476.0,114,1080,162.55892,450.15072,288.59301,177,217.08475,38424.0,63,386,82.25673,8,0,385.53425,248.30746,177,539.19209,95437.0,155,1080,283.31732,3,0,1.15826,mNG_pilT_fliC-,Solid,,,,
1,mNG_pilT_fliC-_liq_Gasket_0_event1_tirf_RAW_Stack.tif,1287,255,255,255,28.6,54.198,2,1404,252.639,354705.0,96,690,103.032,244.379,328.039,225,219.107,49299.0,72,385,96.234,2,0,223.5,263.0,225,309.253,69582.0,100,690,151.196,1,0,1.069,mNG_pilT_fliC-,Liquid,1.0,,,
1,mNG_pilT_fliC-_liq_Gasket_0_event10_tirf_RAW_Stack.tif,871,255,255,255,,,2,948,251.003,237951.0,92,452,96.76,258.464,152.30700000000004,293,239.751,70247.0,58,452,109.923,1,0,251.281,117.965,293,243.962,71481.0,99,417,97.682,2,0,0.91,mNG_pilT_fliC-,Liquid,1.0,0.0,255.0,1.0
1,mNG_pilT_fliC-_liq_Gasket_0_event15_tirf_RAW_Stack.tif,1251,255,255,255,,,2,1358,283.301,384723.0,82,719,120.608,104.75,265.088,208,316.452,65822.0,84,719,172.043,1,0,170.139,251.387,208,317.644,66070.0,86,675,165.821,0,0,1.181,mNG_pilT_fliC-,Liquid,1.0,0.0,255.0,1.0
1,mNG_pilT_fliC-_liq_Gasket_0_event17_tirf_RAW_Stack.tif,1475,255,255,255,,,2,1603,275.132,441036.0,97,685,110.956,305.767,242.048,225,280.311,63070.0,69,604,142.622,2,0,225.303,224.626,225,307.64,69219.0,73,685,171.09,2,0,1.098,mNG_pilT_fliC-,Liquid,1.0,0.0,255.0,1.0
1,mNG_pilT_fliC-_liq_Gasket_0_event18_tirf_RAW_Stack.tif,713,255,255,255,,,2,784,434.111,340343.0,127,1225,193.602,352.675,188.743,177,420.486,74426.0,135,859,199.073,3,0,360.593,151.314,177,510.531,90364.0,116,1225,271.764,2,0,1.14,mNG_pilT_fliC-,Liquid,1.0,0.0,255.0,1.0
1,mNG_pilT_fliC-_liq_Gasket_0_event19_tirf_RAW_Stack.tif,1046,255,255,255,,,2,1155,265.139,306236.0,93,802,116.86,375.471,216.544,177,222.062,39305.0,64,377,97.438,2,0,321.402,186.686,177,320.305,56694.0,74,802,193.048,2,0,1.033,mNG_pilT_fliC-,Liquid,1.0,0.0,255.0,1.0
1,mNG_pilT_fliC-_liq_Gasket_0_event20_tirf_RAW_Stack.tif,831,255,255,255,,,2,916,242.654,222271.0,77,445,98.438,265.51,387.418,256,214.566,54929.0,55,414,103.778,1,0,293.43,359.525,256,237.047,60684.0,56,445,120.239,0,0,0.855,mNG_pilT_fliC-,Liquid,1.0,0.0,255.0,1.0
1,mNG_pilT_fliC-_liq_Gasket_0_event22_tirf_RAW_Stack.tif,757,255,255,255,,,2,831,254.245,211278.0,83,446,93.378,195.558,327.899,225,215.373,48459.0,49,427,117.207,3,0,162.822,316.955,225,244.413,54993.0,87,446,100.699,3,0,0.812,mNG_pilT_fliC-,Liquid,1.0,0.0,255.0,1.0
1,mNG_pilT_fliC-_liq_Gasket_0_event24_tirf_RAW_Stack.tif,958,255,255,255,,,2,1043,335.8540000000001,350296.0,109,902,147.18200000000004,265.596,267.145,225,237.231,53377.0,77,408,105.616,0,0,274.642,218.9,225,418.218,94099.0,98,902,226.759,1,0,0.958,mNG_pilT_fliC-,Liquid,1.0,0.0,255.0,1.0
1,mNG_pilT_fliC-_liq_Gasket_0_event25_tirf_RAW_Stack.tif,1216,255,255,255,,,2,1330,297.281,395384.0,93,593,126.776,383.099,188.827,293,231.08900000000003,67709.0,63,420,115.048,1,0,345.50699999999995,234.852,293,275.857,80826.0,70,593,148.31799999999996,2,0,0.764,mNG_pilT_fliC-,Liquid,1.0,0.0,255.0,1.0
1,mNG_pilT_fliC-_liq_Gasket_0_event3_tirf_RAW_Stack.tif,909,255,255,255,,,2,1001,220.657,220878.0,74,644,97.372,253.175,262.601,208,212.582,44217.0,59,433,98.571,1,0,232.041,219.812,208,236.154,49120.0,57,644,149.474,4,0,1.029,mNG_pilT_fliC-,Liquid,1.0,0.0,255.0,1.0
1,mNG_pilT_fliC-_liq_Gasket_0_event4_tirf_RAW_Stack.tif,1031,255,255,255,,,2,1135,467.908,531076.0,133,1062,196.727,259.582,255.552,256,428.031,109576.0,93,888,210.816,1,0,226.325,296.373,256,479.77,122821.0,113,1062,264.147,5,0,0.947,mNG_pilT_fliC-,Liquid,1.0,0.0,255.0,1.0
1,mNG_pilT_fliC-_liq_Gasket_0_event5_tirf_RAW_Stack.tif,1473,255,255,255,,,2,1610,237.117,381758.0,83,569,92.855,331.648,269.279,256,217.477,55674.0,64,569,118.219,2,0,399.396,307.642,256,241.727,61882.0,83,469,110.661,0,0,0.954,mNG_pilT_fliC-,Liquid,1.0,0.0,255.0,1.0
1,mNG_pilT_fliC-_liq_Gasket_0_event6_tirf_RAW_Stack.tif,1015,255,255,255,,,2,1111,289.972,322159.0,110,722,115.815,355.4290000000001,296.895,225,282.031,63457.0,107,515,121.42,3,0,372.932,346.33,225,293.782,66101.0,92,722,162.648,1,0,0.988,mNG_pilT_fliC-,Liquid,1.0,0.0,255.0,1.0
1,mNG_pilT_fliC-_liq_Gasket_0_event8_tirf_RAW_Stack.tif,1050,255,255,255,,,2,1143,208.094,237851.0,67,429,80.044,269.836,333.5440000000001,293,185.051,54220.0,75,312,68.735,0,0,316.2920000000001,348.05,293,191.676,56161.0,42,357,99.223,2,0,0.823,mNG_pilT_fliC-,Liquid,1.0,0.0,255.0,1.0
1,mNG_pilT_fliC-_liq_Gasket_0_event9_tirf_RAW_Stack.tif,1331,255,255,255,,,2,1443,211.518,305221.0,70,482,79.93,397.009,316.394,293,192.867,56510.0,40,482,112.741,0,0,331.7940000000001,301.467,293,199.239,58377.0,78,332,72.711,1,0,0.883,mNG_pilT_fliC-,Liquid,1.0,0.0,255.0,1.0
1,mNG_pilT_fliC-_sol_Gasket_0_event1_tirf_RAW_Stack.tif,906,255,255,255,38.02649,50.86645,2,1017,402.83972,409688.0,161,975,128.40719,250.78549,162.39522,137,393.62774,53927.0,133,729,153.41831000000005,3,0,219.95691,105.74485,137,466.37226,63893.0,168,975,214.18721,6,0,1.09464,mNG_pilT_fliC-,Solid,1.0,,,
1,mNG_pilT_fliC-_sol_Gasket_0_event13_tirf_RAW_Stack.tif,1349,255,255,255,,,2,1484,189.127,280665.0,63,681,84.781,298.837,271.962,225,196.227,44151.0,56,397,94.69,0,0,359.206,227.096,225,223.027,50181.0,45,681,145.425,2,0,1.163,mNG_pilT_fliC-,Solid,1.0,0.0,255.0,1.0
2,mNG_pilT_fliC-_sol_Gasket_0_event13_tirf_RAW_Stack.tif,888,255,255,255,,,2,973,134.784,131145.0,51,338,48.718,126.759,369.624,208,124.841,25967.0,35,253,57.658,1,0,137.41899999999998,418.337,208,144.192,29992.0,38,338,74.681,0,0,0.997,mNG_pilT_fliC-,Solid,2.0,0.0,255.0,1.0
1,mNG_pilT_fliC-_sol_Gasket_0_event14_tirf_RAW_Stack.tif,1463,255,255,255,,,2,1588,284.986,452558.0,108,780,110.156,254.033,320.686,225,304.436,68498.0,65,688,162.80200000000005,4,0,170.998,319.891,225,308.1020000000001,69323.0,71,780,176.86700000000005,1,0,1.107,mNG_pilT_fliC-,Solid,1.0,0.0,255.0,1.0
1,mNG_pilT_fliC-_sol_Gasket_0_event16_tirf_RAW_Stack.tif,1359,255,255,255,,,2,1472,307.873,453189.0,103,1554,183.234,280.916,258.201,225,367.867,82770.0,58,1054,235.506,1,0,206.041,249.149,225,432.116,97226.0,88,1554,348.298,5,0,1.496,mNG_pilT_fliC-,Solid,1.0,0.0,255.0,1.0
1,mNG_pilT_fliC-_sol_Gasket_0_event18_tirf_RAW_Stack.tif,926,255,255,255,,,2,1019,184.786,188297.0,49,350,77.18,323.475,394.277,225,138.942,31262.0,28,266,75.42699999999998,3,0,297.295,353.872,225,174.049,39161.0,38,324,84.37799999999999,1,0,0.755,mNG_pilT_fliC-,Solid,1.0,0.0,255.0,1.0
1,mNG_pilT_fliC-_sol_Gasket_0_event2_tirf_RAW_Stack.tif,580,255,255,255,43.2069,29.18448,2,665,613.0165400000002,407656.0,224,1982,312.83312,232.66922,259.78991,112,486.71429000000006,54512.0,168,861,161.43425,6,0,271.24014,234.07408,112,1041.0,116592.0,244,1982,509.02615,3,0,1.42405,mNG_pilT_fliC-,Solid,1.0,,,
1,mNG_pilT_fliC-_sol_Gasket_0_event20_tirf_RAW_Stack.tif,1174,255,255,255,,,2,1290,397.454,512716.0,98,1812,221.749,378.909,275.522,225,333.369,75008.0,90,588,147.95600000000005,1,0,326.895,310.184,225,507.804,114256.0,69,1812,429.452,2,0,1.092,mNG_pilT_fliC-,Solid,1.0,0.0,255.0,1.0
1,mNG_pilT_fliC-_sol_Gasket_0_event21_tirf_RAW_Stack.tif,1278,255,255,255,,,2,1393,287.059,399873.0,94,864,130.003,260.23900000000003,326.12,225,297.036,66833.0,52,806,191.368,2,0,240.663,257.622,225,323.316,72746.0,72,864,196.172,1,0,1.124,mNG_pilT_fliC-,Solid,1.0,0.0,255.0,1.0
2,mNG_pilT_fliC-_sol_Gasket_0_event21_tirf_RAW_Stack.tif,889,255,255,255,,,2,970,194.444,188611.0,66,372,70.179,197.477,288.615,208,179.65400000000002,37368.0,50,372,83.16799999999998,1,0,189.277,333.34,208,181.668,37787.0,44,329,78.635,0,0,0.882,mNG_pilT_fliC-,Solid,2.0,0.0,255.0,1.0
1,mNG_pilT_fliC-_sol_Gasket_0_event22_tirf_RAW_Stack.tif,1348,255,255,255,,,2,1486,267.73400000000004,397853.0,78,1347,182.002,111.08,96.327,225,242.884,54649.0,75,571,119.933,6,0,158.546,151.99200000000005,225,497.956,112040.0,69,1347,340.125,4,0,1.66,mNG_pilT_fliC-,Solid,1.0,0.0,255.0,1.0
2,mNG_pilT_fliC-_sol_Gasket_0_event22_tirf_RAW_Stack.tif,1470,255,255,255,,,2,1595,139.539,222565.0,51,379,51.542,151.415,344.157,225,153.244,34480.0,61,283,60.532,0,0,163.97299999999996,428.785,225,154.60399999999996,34786.0,40,379,83.546,1,0,1.15,mNG_pilT_fliC-,Solid,2.0,0.0,255.0,1.0
1,mNG_pilT_fliC-_sol_Gasket_0_event23_tirf_RAW_Stack.tif,684,255,255,255,,,2,749,153.124,114690.0,50,420,64.176,237.213,107.697,97,139.763,13557.0,59,200,45.232,1,0,270.78700000000003,99.303,97,209.0,20273.0,64,420,107.743,0,0,1.197,mNG_pilT_fliC-,Solid,1.0,0.0,255.0,1.0
1,mNG_pilT_fliC-_sol_Gasket_0_event3_tirf_RAW_Stack.tif,834,255,255,255,51.978,23.02,2,922,374.182,344996.0,110,1709,305.132,271.001,208.016,177,225.395,39895.0,63,382,85.09299999999998,3,0,321.032,200.198,177,733.842,129890.0,107,1709,517.9590000000002,4,0,1.555,mNG_pilT_fliC-,Solid,1.0,,,
1,mNG_pilT_fliC-_sol_Gasket_0_event4_tirf_RAW_Stack.tif,1288,255,255,255,,,2,1409,261.648,368662.0,74,763,125.595,277.684,287.495,256,260.801,66765.0,54,691,159.086,4,0,310.791,344.2290000000001,256,305.297,78156.0,64,763,177.15099999999995,1,0,1.135,mNG_pilT_fliC-,Solid,1.0,0.0,255.0,1.0
1,mNG_pilT_fliC-_sol_Gasket_0_event8_tirf_RAW_Stack.tif,1062,255,255,255,,,2,1160,208.546,241913.0,47,627,94.212,177.737,370.265,225,188.471,42406.0,35,402,101.911,0,0,160.142,318.118,225,254.658,57298.0,66,627,134.828,2,0,1.106,mNG_pilT_fliC-,Solid,1.0,0.0,255.0,1.0
2,mNG_pilT_fliC-_sol_Gasket_0_event8_tirf_RAW_Stack.tif,989,255,255,255,,,2,1088,197.861,215273.0,54,424,86.08,383.164,125.485,256,164.84799999999996,42201.0,52,314,80.20100000000002,1,0,352.2340000000001,163.02100000000004,256,196.918,50411.0,40,424,114.84,3,0,0.8490000000000001,mNG_pilT_fliC-,Solid,2.0,0.0,255.0,1.0
1,mNG_pilT_fliC-_sol_Gasket_1_event1_tirf_RAW_Stack.tif,1164,255,255,255,24.23196,71.09794000000002,2,1286,279.87792,359923.0,122,906,100.96938,224.89246,194.43844,137,277.48905,38016.0,76,608,144.97064,1,0,236.23312,282.5454,137,409.70073,56129.0,101,906,199.6633,5,0,1.3083,mNG_pilT_fliC-,Solid,1.0,,,
2,mNG_pilT_fliC-_sol_Gasket_1_event1_tirf_RAW_Stack.tif,1397,255,255,255,61.35326,31.422690000000006,2,1519,187.51745,284839.0,84,387,53.72344,278.39161,61.9745,256,194.23047,49723.0,88,315,54.88989,2,0,346.75626,80.47839,256,210.79297000000003,53963.0,84,387,76.15845,3,0,1.12573,mNG_pilT_fliC-,Solid,2.0,,,
1,mNG_pilT_fliC-_sol_Gasket_1_event10_tirf_RAW_Stack.tif,961,255,255,255,,,2,1081,429.331,464107.0,146,1429,177.979,191.987,300.772,137,442.226,60585.0,134,955,203.785,0,0,169.483,376.069,137,606.409,83078.0,139,1429,358.371,2,0,1.32,mNG_pilT_fliC-,Solid,1.0,0.0,255.0,1.0
1,mNG_pilT_fliC-_sol_Gasket_1_event11_tirf_RAW_Stack.tif,821,255,255,255,,,2,931,515.759,480172.0,140,1601,215.352,395.197,309.203,137,605.409,82941.0,80,1601,399.271,2,0,435.80300000000005,262.797,137,618.029,84670.0,147,1280,282.893,2,0,1.286,mNG_pilT_fliC-,Solid,1.0,0.0,255.0,1.0
1,mNG_pilT_fliC-_sol_Gasket_1_event12_tirf_RAW_Stack.tif,456,255,255,255,,,2,527,311.3640000000001,164089.0,105,1109,181.687,335.099,117.921,97,220.124,21352.0,117,302,47.428,0,0,318.606,152.41299999999995,97,557.134,54042.0,126,1109,287.524,4,0,1.459,mNG_pilT_fliC-,Solid,1.0,0.0,255.0,1.0
1,mNG_pilT_fliC-_sol_Gasket_1_event13_tirf_RAW_Stack.tif,756,255,255,255,,,2,844,381.15,321691.0,128,648,108.8,315.518,281.085,156,345.91,53962.0,100,561,136.511,2,0,333.036,329.714,156,370.949,57868.0,103,648,139.967,1,0,0.909,mNG_pilT_fliC-,Solid,1.0,0.0,255.0,1.0
1,mNG_pilT_fliC-_sol_Gasket_1_event14_tirf_RAW_Stack.tif,1067,255,255,255,,,2,1202,472.515,567963.0,142,1811,215.432,219.453,361.637,112,595.7769999999998,66727.0,196,1302,283.142,2,0,294.844,323.955,112,759.179,85028.0,150,1811,443.897,3,0,1.592,mNG_pilT_fliC-,Solid,1.0,0.0,255.0,1.0
1,mNG_pilT_fliC-_sol_Gasket_1_event15_tirf_RAW_Stack.tif,896,255,255,255,,,2,999,313.339,313026.0,105,582,87.785,302.336,336.34,177,269.13,47636.0,58,582,137.957,1,0,281.213,277.823,177,313.904,55561.0,97,564,118.391,3,0,0.8959999999999999,mNG_pilT_fliC-,Solid,1.0,0.0,255.0,1.0
1,mNG_pilT_fliC-_sol_Gasket_1_event19_tirf_RAW_Stack.tif,593,255,255,255,,,2,668,367.978,245809.0,144,1113,146.259,275.361,235.654,112,340.821,38172.0,132,603,124.086,0,0,286.443,278.396,112,518.134,58031.0,144,1113,257.635,0,0,1.275,mNG_pilT_fliC-,Solid,1.0,0.0,255.0,1.0
1,mNG_pilT_fliC-_sol_Gasket_1_event2_tirf_RAW_Stack.tif,1091,255,255,255,23.19844,69.53575,2,1202,256.77205,308640.0,109,793,91.32739,383.04621,172.20754,137,269.11679,36869.0,106,491,92.24632,2,0,386.46259,251.72193,137,337.08029,46180.0,79,793,194.5604,3,0,1.24684,mNG_pilT_fliC-,Solid,1.0,,,
1,mNG_pilT_fliC-_sol_Gasket_1_event21_tirf_RAW_Stack.tif,831,255,255,255,,,2,933,349.3180000000001,325914.0,114,1011,127.137,251.618,265.374,112,322.134,36079.0,99,494,113.661,2,0,268.598,201.683,112,465.429,52128.0,116,1011,236.83,7,0,1.175,mNG_pilT_fliC-,Solid,1.0,0.0,255.0,1.0
1,mNG_pilT_fliC-_sol_Gasket_1_event3_tirf_RAW_Stack.tif,958,255,255,255,52.64718000000001,35.70772,2,1069,272.12067,290897.0,107,475,77.25834,260.36018,331.35071,156,255.96154,39930.0,57,471,127.01287,4,0,204.14597,300.71146,156,288.73077,45042.0,112,475,101.88991,0,0,1.00117,mNG_pilT_fliC-,Solid,1.0,,,
1,mNG_pilT_fliC-_sol_Gasket_1_event4_tirf_RAW_Stack.tif,1131,255,255,255,62.014,32.059,2,1254,281.918,353525.0,111,910,101.019,240.209,196.83,137,284.723,39007.0,135,489,91.254,0,0,320.678,217.611,137,381.482,52263.0,82,910,226.764,2,0,1.245,mNG_pilT_fliC-,Solid,1.0,,,
1,mNG_pilT_fliC-_sol_Gasket_1_event6_tirf_RAW_Stack.tif,552,255,255,255,,,2,621,435.783,270621.0,179,1046,153.481,274.04400000000004,282.858,137,345.81,47376.0,134,476,94.577,1,0,285.966,317.138,137,538.0509999999998,73713.0,137,1046,248.153,4,0,1.026,mNG_pilT_fliC-,Solid,1.0,0.0,255.0,1.0
1,mNG_pilT_fliC-_sol_Gasket_1_event7_tirf_RAW_Stack.tif,656,255,255,255,,,2,733,447.11300000000006,327734.0,182,1289,181.801,392.911,351.028,137,422.628,57900.0,126,811,182.311,6,0,400.089,303.972,137,574.307,78680.0,139,1289,338.324,6,0,1.197,mNG_pilT_fliC-,Solid,1.0,0.0,255.0,1.0
1,mNG_pilT_fliC-_sol_Gasket_1_event8_tirf_RAW_Stack.tif,938,255,255,255,,,2,1056,300.439,317264.0,107,863,101.777,184.588,267.059,137,278.285,38125.0,68,557,134.065,3,0,247.48,233.067,137,355.54,48709.0,88,863,179.613,5,0,1.075,mNG_pilT_fliC-,Solid,1.0,0.0,255.0,1.0
2,mNG_pilT_fliC-_sol_Gasket_1_event8_tirf_RAW_Stack.tif,1018,255,255,255,,,2,1146,254.11900000000003,291220.0,101,865,96.672,446.085,389.681,156,219.308,34212.0,73,429,89.868,3,0,403.474,326.617,156,360.474,56234.0,86,865,198.254,1,0,1.204,mNG_pilT_fliC-,Solid,2.0,0.0,255.0,1.0
1,mNG_pilT_fliC-_sol_Gasket_1_event9_tirf_RAW_Stack.tif,612,255,255,255,,,2,694,360.1790000000001,249964.0,104,910,124.458,261.733,229.013,137,358.5180000000001,49117.0,105,660,126.264,1,0,286.505,263.818,137,376.847,51628.0,72,910,206.855,4,0,1.035,mNG_pilT_fliC-,Solid,1.0,0.0,255.0,1.0
1,mNG_pilT_fliC-_liq_BR=1_0_event10_tirf_RAW_Stack.tif,563,255,255,255,33.74689,12.91563,3,633,240.17694,152032.0,97,465,61.26282,188.16993,335.63834,52,228.34615,11874.0,101,332,74.06857,0,0,140.85291,342.51839,52,284.40385,14789.0,96,465,113.99471,0,0,1.08179,mNG_pilT_fliC-,Liquid,,,,
1,mNG_pilT_fliC-_liq_BR=1_0_event3_tirf_RAW_Stack.tif,581,255,255,255,36.2642,16.72547,3,651,242.55453,157903.0,106,461,62.28516,186.31283,190.80367,156,217.27564,33895.0,83,345,73.23454,0,0,221.95878,203.42927,156,220.14103,34342.0,59,461,104.26408,0,0,0.8268700000000001,mNG_pilT_fliC-,Liquid,,,,
1,mNG_pilT_fliC-_liq_BR=1_0_event4_tirf_RAW_Stack.tif,574,255,255,255,29.04355,23.25261,3,652,238.73773,155657.0,73,515,71.17275,289.28654,380.07553,137,226.62774,31048.0,75,380,84.01890999999998,0,0,324.97315,358.35123,137,237.57664,32548.0,79,515,98.29642,1,0,0.95301,mNG_pilT_fliC-,Liquid,,,,
1,mNG_pilT_fliC-_liq_BR=1_0_event5_tirf_RAW_Stack.tif,779,255,255,255,17.20475,41.2638,3,875,223.57029,195624.0,100,568,69.60469,290.30802,258.19568,112,233.94643,26202.0,94,433,83.80445,1,0,307.04534,199.61964,112,272.07143,30472.0,79,568,129.04113999999998,0,0,1.18538,mNG_pilT_fliC-,Liquid,,,,
1,mNG_pilT_fliC-_liq_BR=1_0_event6_tirf_RAW_Stack.tif,874,255,255,255,40.35011,29.30435,3,985,304.03858,299478.0,121,735,85.50503,352.4531,229.41585,156,281.52564,43918.0,92,735,145.63119,1,0,296.78485,196.18586,156,283.8269200000001,44277.0,97,516,111.93086,1,0,0.90041,mNG_pilT_fliC-,Liquid,,,,
1,mNG_pilT_fliC-_liq_BR=1_0_event7_tirf_RAW_Stack.tif,708,255,255,255,9.78107,43.62006,3,790,435.66835,344178.0,180,769,99.7007,251.21138,223.95844,137,327.0,44799.0,84,532,139.70494,0,0,251.21138,280.04156,137,357.37226,48960.0,63,769,197.10515,0,0,0.70509,mNG_pilT_fliC-,Liquid,,,,
1,mNG_pilT_fliC-_liq_BR=1_0_event8_tirf_RAW_Stack.tif,550,255,255,255,36.38909,15.86727,3,617,290.00324,178932.0,114,532,76.02656999999998,227.89207,237.38257,137,243.75912,33395.0,98,352,72.44943,0,0,264.09627,227.57433,137,268.45985,36779.0,91,532,112.53196,0,0,0.80772,mNG_pilT_fliC-,Liquid,,,,
1,mNG_pilT_fliC-_liq_BR=1_0_event9_tirf_RAW_Stack.tif,512,255,255,255,20.0957,29.69531,3,582,164.90722,95976.0,71,336,43.62662,207.25856,120.20248,112,147.04464,16469.0,61,229,46.80502,0,0,191.09216,87.11416,112,176.4375,19761.0,69,336,68.4767,0,0,0.96916,mNG_pilT_fliC-,Liquid,,,,
1,mNG_pilT_fliC-_sol_BR=1_0_event10_tirf_RAW_Stack.tif,928,255,255,255,19.39224,49.08082,3,1034,352.74081,364734.0,150,983,117.47081,204.50168,258.24384,137,370.25547,50725.0,173,667,137.1014,0,0,218.05095,328.64864,137,409.16788,56056.0,88,983,240.00737,0,0,1.1482,mNG_pilT_fliC-,Solid,,,,
2,mNG_pilT_fliC-_sol_BR=1_0_event10_tirf_RAW_Stack.tif,1007,255,255,255,45.33714000000001,31.18222,3,1127,298.3309700000001,336219.0,122,670,89.14579,199.02717,182.53231,156,321.30769,50124.0,89,670,149.56257,0,0,260.933,147.39752,156,332.59615,51885.0,111,511,121.64479,1,0,1.13772,mNG_pilT_fliC-,Solid,,,,
1,mNG_pilT_fliC-_sol_BR=1_0_event11_tirf_RAW_Stack.tif,676,255,255,255,28.18195,31.09911,3,764,211.7199,161754.0,107,341,52.30596,295.5361200000001,218.53612,137,189.22628,25924.0,98,255,44.46496,1,0,326.93775,253.03503,137,208.27737,28534.0,86,341,72.57406999999998,0,0,0.90766,mNG_pilT_fliC-,Solid,,,,
1,mNG_pilT_fliC-_sol_BR=1_0_event12_tirf_RAW_Stack.tif,701,255,255,255,38.50143,22.63409,3,789,285.44867,225219.0,121,485,74.10153000000003,171.4905,238.1567,137,253.84672,34777.0,92,404,90.3336,1,0,219.14377,217.98356,137,278.51825,38157.0,92,485,121.33092,0,0,0.90018,mNG_pilT_fliC-,Solid,,,,
2,mNG_pilT_fliC-_sol_BR=1_0_event12_tirf_RAW_Stack.tif,998,255,255,255,14.28357,55.6493,3,1117,404.07968,451357.0,172,1396,171.12339,285.37443,387.31304,112,511.97321,57341.0,139,981,236.84139,3,0,273.88323,300.65267,112,631.00893,70673.0,192,1396,354.5084,2,0,1.57833,mNG_pilT_fliC-,Solid,,,,
1,mNG_pilT_fliC-_sol_BR=1_0_event13_tirf_RAW_Stack.tif,1008,255,255,255,33.17163,42.4256,3,1133,370.594,419883.0,143,807,105.969,316.08081,259.76051,156,333.42308,52014.0,100,567,124.5579,0,0,270.61397,316.18621,156,378.55769,59055.0,105,807,174.26903,1,0,0.94642,mNG_pilT_fliC-,Solid,,,,
1,mNG_pilT_fliC-_sol_BR=1_0_event14_tirf_RAW_Stack.tif,924,255,255,255,40.79113,27.88745,3,1036,267.69015,277327.0,101,637,85.12116,191.18513,392.15772,177,215.66102,38172.0,67,366,83.19629,1,0,244.04359,357.1881,177,319.54802,56560.0,119,637,144.52335,1,0,0.99951,mNG_pilT_fliC-,Solid,,,,
1,mNG_pilT_fliC-_sol_BR=1_0_event15_tirf_RAW_Stack.tif,820,255,255,255,32.38049,40.57073,3,923,313.66414,289512.0,119,815,100.04441,131.65618,147.71865,156,274.86538,42879.0,131,394,75.73605,0,0,163.16718999999995,195.3982,156,343.07051,53519.0,98,815,169.85907,1,0,0.97755,mNG_pilT_fliC-,Solid,,,,
1,mNG_pilT_fliC-_sol_BR=1_0_event16_tirf_RAW_Stack.tif,977,255,255,255,48.63204,23.44985,3,1099,326.24568,358544.0,161,931,119.44295,207.76861,335.70329,112,320.1785700000001,35860.0,114,530,109.21367,2,0,135.3805,306.92161,112,497.58929000000006,55730.0,139,931,235.25377000000003,1,0,1.34021,mNG_pilT_fliC-,Solid,,,,
1,mNG_pilT_fliC-_sol_BR=1_0_event17_tirf_RAW_Stack.tif,698,255,255,255,40.82808,28.64183,3,789,431.1128,340148.0,146,748,122.10791,212.19248,235.76709,137,416.52555,57064.0,138,640,147.4103,1,0,253.46261,262.76115,137,420.64964,57629.0,146,748,164.34955,0,0,0.95617,mNG_pilT_fliC-,Solid,,,,
1,mNG_pilT_fliC-_sol_BR=1_0_event18_tirf_RAW_Stack.tif,742,255,255,255,24.84771,41.75876,3,833,378.26291,315093.0,136,658,105.72178999999998,278.5311,208.70029,137,358.13869,49065.0,115,611,136.74016,0,0,253.62866,163.76283999999995,137,373.61314,51185.0,194,658,119.13088,0,0,0.95197,mNG_pilT_fliC-,Solid,,,,
1,mNG_pilT_fliC-_sol_BR=1_0_event19_tirf_RAW_Stack.tif,641,255,255,255,37.87598,20.49064,3,723,369.79945,267365.0,154,739,101.83148,265.35906,242.67726,137,331.05109,45354.0,101,520,126.46461,0,0,222.58671,224.45031,137,370.83942,50805.0,167,739,146.82359,1,0,0.92038,mNG_pilT_fliC-,Solid,,,,
1,mNG_pilT_fliC-_sol_BR=1_0_event20_tirf_RAW_Stack.tif,1179,255,255,255,38.1056,44.38465,3,1321,425.12339,561588.0,174,993,134.79245,198.2139,237.90254,156,411.1859,64145.0,159,693,135.20254,1,0,247.48868,169.60461,156,520.6923099999998,81228.0,170,993,238.56914,4,0,1.12954,mNG_pilT_fliC-,Solid,,,,
1,mNG_pilT_fliC-_sol_BR=1_0_event21_tirf_RAW_Stack.tif,820,255,255,255,46.91951,21.33293,3,922,422.29935,389360.0,188,1062,146.52822,266.96697,337.9035,137,346.9708,47535.0,101,544,127.38293,2,0,326.1518200000001,315.40807,137,590.14599,80850.0,175,1062,257.96259,0,0,1.16343,mNG_pilT_fliC-,Solid,,,,
1,mNG_pilT_fliC-_sol_BR=1_0_event3_tirf_RAW_Stack.tif,982,255,255,255,43.21487,30.26273,3,1102,313.64701,345639.0,131,497,88.77509,259.16842,175.49895,156,303.15385,47292.0,101,493,111.88543,0,0,202.34192,214.79121,156,315.30128,49187.0,144,494,103.55883,1,0,0.98045,mNG_pilT_fliC-,Solid,,,,
1,mNG_pilT_fliC-_sol_BR=1_0_event5_tirf_RAW_Stack.tif,666,255,255,255,26.06757,35.91291,3,756,293.91931,222203.0,111,810,108.56565,217.73418,265.32543,97,278.31959,26997.0,147,399,74.69055,1,0,243.34093,220.7177,97,398.85567,38689.0,100,810,221.34866,2,0,1.21575,mNG_pilT_fliC-,Solid,,,,
2,mNG_pilT_fliC-_sol_BR=1_0_event5_tirf_RAW_Stack.tif,656,255,255,255,41.01677,20.10213,3,743,164.53163,122247.0,50,432,59.51415,82.59758000000002,119.13414,112,156.91071000000005,17574.0,67,230,46.58607,1,0,131.34847,103.69546,112,240.60714,26948.0,76,432,97.49598,3,0,1.32719,mNG_pilT_fliC-,Solid,,,,
1,mNG_pilT_fliC-_sol_BR=1_0_event8_tirf_RAW_Stack.tif,824,255,255,255,10.87379,51.51335,3,922,376.38503,347027.0,166,756,89.97889,268.35067000000004,418.74042,97,320.4639200000001,31085.0,144,450,99.45844,1,0,266.60852,348.28503,97,392.38144,38061.0,95,756,190.79158,1,0,0.93377,mNG_pilT_fliC-,Solid,,,,
1,mNG_pilT_fliC-_sol_BR=1_0_event9_tirf_RAW_Stack.tif,1076,255,255,255,45.17565,42.8671,3,1212,502.33498,608830.0,179,1374,180.97471,200.08584,293.21398,156,485.48718,75736.0,166,884,185.73816,2,0,259.98526,343.70165,156,696.92308,108720.0,195,1374,311.71272,2,0,1.25381,mNG_pilT_fliC-,Solid,,,,
1,mNG_pilT_fliC-_sol_BR=1_1_event1_tirf_RAW_Stack.tif,1153,255,255,255,44.55551,25.33695,3,1268,347.09937,440122.0,124,713,122.53286,216.02415,274.62263,225,308.15111,69334.0,84,587,139.71308,1,0,271.74587,241.98466,225,345.32,77697.0,105,713,162.12981000000005,0,0,0.9119,mNG_pilT_fliC-,Solid,,,,
1,mNG_pilT_fliC-_sol_BR=1_1_event10_tirf_RAW_Stack.tif,1180,255,255,255,41.96864,31.56525,3,1309,376.9725,493457.0,141,1736,201.57607,456.21007,333.8146,177,403.61582,71440.0,126,938,198.19025,1,0,391.08651,295.38229,177,560.32768,99178.0,120,1736,408.25694,2,0,1.42574,mNG_pilT_fliC-,Solid,,,,
2,mNG_pilT_fliC-_sol_BR=1_1_event10_tirf_RAW_Stack.tif,1161,255,255,255,13.87295,53.14513,3,1281,206.64715,264715.0,93,564,64.67626,106.85984,125.52047,156,151.12179,23575.0,65,224,43.13764000000001,0,0,110.27098,206.42867,156,235.21154,36693.0,63,564,134.74085,0,0,0.91554,mNG_pilT_fliC-,Solid,,,,
1,mNG_pilT_fliC-_sol_BR=1_1_event11_tirf_RAW_Stack.tif,762,255,255,255,19.25722,32.87008,3,845,383.40828,323980.0,150,785,138.72107,326.54152,257.26496000000003,177,348.43503,61673.0,154,552,115.16652,4,0,341.61663,215.79261,177,446.11864,78963.0,127,785,183.69395,7,0,1.06392,mNG_pilT_fliC-,Solid,,,,
2,mNG_pilT_fliC-_sol_BR=1_1_event11_tirf_RAW_Stack.tif,775,255,255,255,42.46387,27.85871,3,860,300.41628,258358.0,119,852,130.95258,456.05024,453.6564,225,260.84,58689.0,106,451,108.38507,1,0,423.48497,431.01111,225,364.39556,81989.0,107,852,188.83846,1,0,1.08917,mNG_pilT_fliC-,Solid,,,,
1,mNG_pilT_fliC-_sol_BR=1_1_event12_tirf_RAW_Stack.tif,1119,255,255,255,52.763630000000006,22.04602,3,1246,244.80096,305022.0,59,1190,140.83878,442.95735,141.88427,137,230.56204,31587.0,94,413,81.73989,1,0,363.10348,165.32322,137,473.25547,64836.0,104,1190,299.01815,2,0,1.6397700000000002,mNG_pilT_fliC-,Solid,,,,
2,mNG_pilT_fliC-_sol_BR=1_1_event12_tirf_RAW_Stack.tif,1416,255,255,255,46.68291,33.40607,3,1561,400.14029,624619.0,114,743,144.55542,236.04471,230.27273,208,371.34615,77240.0,94,709,165.33095,1,0,303.6990600000001,180.37992,208,393.88462,81928.0,158,743,155.53068000000005,0,0,0.94123,mNG_pilT_fliC-,Solid,,,,
1,mNG_pilT_fliC-_sol_BR=1_1_event13_tirf_RAW_Stack.tif,1462,255,255,255,32.38167,45.99111,3,1606,416.95953,669637.0,139,1311,175.50521,253.27144,359.48625,208,446.00481,92769.0,91,982,254.2529,1,0,300.44139,427.71226,208,485.20192,100922.0,96,1311,295.10217,2,0,1.16414,mNG_pilT_fliC-,Solid,,,,
1,mNG_pilT_fliC-_sol_BR=1_1_event14_tirf_RAW_Stack.tif,623,255,255,255,29.22873,16.525679999999998,3,696,340.55316,237025.0,141,1247,167.70985,332.47538,278.52064,156,276.11538,43074.0,104,385,84.37321,0,0,296.3946200000001,263.79764,156,468.07051,73019.0,142,1247,295.48449,0,0,1.18152,mNG_pilT_fliC-,Solid,,,,
1,mNG_pilT_fliC-_sol_BR=1_1_event16_tirf_RAW_Stack.tif,899,255,255,255,45.63459,13.76919,3,991,627.11403,621470.0,220,1487,225.88032,318.09965,199.77117,177,573.16384,101450.0,106,1479,350.32461,4,0,259.92628,190.07309,177,671.69492,118890.0,230,1487,334.98478,1,0,0.98843,mNG_pilT_fliC-,Solid,,,,
1,mNG_pilT_fliC-_sol_BR=1_1_event17_tirf_RAW_Stack.tif,740,255,255,255,35.25,19.99865,3,827,224.10641,185336.0,81,455,75.59546,282.12193,217.58585,177,216.63277,38344.0,78,455,92.29526,0,0,323.51598,197.66308,177,219.16949,38793.0,45,436,103.37979,3,0,0.95257,mNG_pilT_fliC-,Solid,,,,
1,mNG_pilT_fliC-_sol_BR=1_1_event3_tirf_RAW_Stack.tif,1122,255,255,255,27.08378,46.19251,3,1236,244.92152,302723.0,76,621,99.87559,343.7299700000001,128.02095,208,186.23077,38736.0,48,311,72.52063000000003,2,0,316.1285,188.91486,208,276.75962000000004,57566.0,88,621,148.15167,0,0,0.91961,mNG_pilT_fliC-,Solid,,,,
1,mNG_pilT_fliC-_sol_BR=1_1_event4_tirf_RAW_Stack.tif,934,255,255,255,37.14882,20.55675,3,1038,539.65222,560159.0,192,1808,236.52684,329.3195,314.62064,177,481.0791,85151.0,139,940,212.26025,5,0,271.63609,293.50055,177,737.66102,130566.0,204,1808,425.8943,1,0,1.2101,mNG_pilT_fliC-,Solid,,,,
1,mNG_pilT_fliC-_sol_BR=1_1_event5_tirf_RAW_Stack.tif,1023,255,255,255,45.4042,15.98192,3,1129,390.71568,441118.0,155,1077,137.43955,211.69474,338.06585,156,393.67308,61413.0,123,821,183.39705,2,0,283.33237,327.11127,156,483.58974000000006,75440.0,134,1077,234.2808,1,0,1.1778,mNG_pilT_fliC-,Solid,,,,
1,mNG_pilT_fliC-_sol_BR=1_1_event8_tirf_RAW_Stack.tif,722,255,255,255,29.33795,28.76316,3,810,382.7037,309990.0,121,1536,216.23528,179.90423,233.74025,156,358.80128,55973.0,114,772,164.93058,4,0,146.43458,262.65234,156,582.5448700000002,90877.0,121,1536,370.32915,4,0,1.43677,mNG_pilT_fliC-,Solid,,,,
1,mNG_pilT_fliC-_sol_BR=1_1_event9_tirf_RAW_Stack.tif,1293,255,255,255,37.86582,41.79002,3,1422,202.39733,287809.0,70,482,74.44587,278.19548,406.60557,225,212.37333,47784.0,62,482,103.9825,0,0,319.30049,351.7673,225,215.63111,48517.0,71,465,98.20742,2,0,1.08617,mNG_pilT_fliC-,Solid,,,,
1,mNG_pilT_fliC-_liq_Gasket_0_event10_tirf_RAW_Stack.tif,457,255,255,255,,,4,518,213.22,110448.0,94,355,59.472,314.361,369.379,137,203.46,27874.0,61,355,79.50399999999998,0,0,298.639,392.621,137,211.066,28916.0,94,297,63.39100000000001,0,0,0.942,mNG_pilT_fliC-,Liquid,1.0,0.0,255.0,1.0
2,mNG_pilT_fliC-_liq_Gasket_0_event10_tirf_RAW_Stack.tif,784,255,255,255,,,4,869,284.962,247632.0,129,508,80.88600000000002,252.614,154.005,177,266.237,47124.0,96,441,106.893,0,0,263.592,103.039,177,279.29900000000004,49436.0,57,508,117.986,3,0,0.93,mNG_pilT_fliC-,Liquid,2.0,0.0,255.0,1.0
1,mNG_pilT_fliC-_liq_Gasket_0_event12_tirf_RAW_Stack.tif,696,255,255,255,39.71839,37.12213,4,784,217.28316,170350.0,100,340,57.87752,204.40127,251.30484,156,180.60897,28175.0,84,261,52.73177,0,0,167.11673000000005,223.3381,156,208.74359,32564.0,67,340,80.29509,0,0,0.8383,mNG_pilT_fliC-,Liquid,1.0,,,
2,mNG_pilT_fliC-_liq_Gasket_0_event12_tirf_RAW_Stack.tif,615,255,255,255,42.83496,31.15203,4,692,373.98121,258795.0,131,868,118.57314,335.87804,265.58634,137,356.30657,48814.0,166,494,91.94248,1,0,374.93141,280.89934,137,456.57664000000005,62551.0,131,868,188.04015,1,0,1.15236,mNG_pilT_fliC-,Liquid,2.0,,,
1,mNG_pilT_fliC-_liq_Gasket_0_event13_tirf_RAW_Stack.tif,513,255,255,255,32.993179999999995,33.62086,4,585,289.63419,169436.0,124,509,82.27422,303.86168,246.61088,137,264.9927,36304.0,92,509,112.2092,0,0,279.13832,220.38912,137,306.86861,42041.0,123,492,98.55364,0,0,0.97622,mNG_pilT_fliC-,Liquid,1.0,,,
1,mNG_pilT_fliC-_liq_Gasket_0_event14_tirf_RAW_Stack.tif,911,255,255,255,54.24424000000001,24.80077,4,1015,210.86601,214029.0,101,528,59.91582,384.91678,288.97226,137,185.0292,25349.0,97,286,52.80165,0,0,319.33771,272.97503,137,251.60584,34470.0,81,528,108.73872,0,0,1.04905,mNG_pilT_fliC-,Liquid,1.0,,,
1,mNG_pilT_fliC-_liq_Gasket_0_event16_tirf_RAW_Stack.tif,785,255,255,255,53.85541,29.9586,4,879,229.51763,201746.0,82,847,99.88673,162.69948,127.12667,137,199.62774,27349.0,104,295,50.3295,0,0,217.16102,145.29322,137,315.43066,43214.0,68,847,207.0684,1,0,1.18769,mNG_pilT_fliC-,Liquid,1.0,,,
2,mNG_pilT_fliC-_liq_Gasket_0_event16_tirf_RAW_Stack.tif,740,255,255,255,43.78649,38.29595,4,833,394.23169,328395.0,145,633,115.42426,408.41959,327.52447,156,324.44231,50613.0,112,608,135.59323999999998,1,0,363.70489,354.68079,156,340.55769,53127.0,112,518,114.98287,0,0,0.7711,mNG_pilT_fliC-,Liquid,2.0,,,
1,mNG_pilT_fliC-_liq_Gasket_0_event17_tirf_RAW_Stack.tif,903,255,255,255,52.747,34.107,4,1010,366.346,370009.0,134,601,100.368,348.06,378.72,156,334.096,52119.0,104,575,134.041,2,0,291.219,350.715,156,345.853,53953.0,123,601,118.059,3,0,0.899,mNG_pilT_fliC-,Liquid,1.0,,,
1,mNG_pilT_fliC-_liq_Gasket_0_event19_tirf_RAW_Stack.tif,521,255,255,255,,,4,581,345.172,200545.0,129,600,95.653,327.534,270.82,80,323.225,25858.0,99,600,147.955,1,0,291.507,276.45,80,338.4,27072.0,122,524,115.602,1,0,0.943,mNG_pilT_fliC-,Liquid,1.0,0.0,255.0,1.0
1,mNG_pilT_fliC-_liq_Gasket_0_event2_tirf_RAW_Stack.tif,577,255,255,255,,,4,644,276.435,178024.0,110,494,82.516,239.627,169.325,156,256.006,39937.0,87,494,101.356,1,0,271.982,180.924,156,270.186,42149.0,73,474,127.712,0,0,0.91,mNG_pilT_fliC-,Liquid,1.0,0.0,255.0,1.0
2,mNG_pilT_fliC-_liq_Gasket_0_event2_tirf_RAW_Stack.tif,1033,255,255,255,,,4,1142,415.298,474270.0,170,1208,148.197,327.951,190.216,137,438.934,60134.0,132,827,187.281,2,0,333.9290000000001,264.712,137,484.657,66398.0,63,1208,318.378,2,0,1.153,mNG_pilT_fliC-,Liquid,2.0,0.0,255.0,1.0
1,mNG_pilT_fliC-_liq_Gasket_0_event20_tirf_RAW_Stack.tif,772,255,255,255,,,4,867,388.241,336605.0,162,916,133.935,435.876,322.91,137,417.336,57175.0,142,902,192.865,2,0,413.027,373.497,137,469.701,64349.0,157,916,192.4,1,0,1.223,mNG_pilT_fliC-,Liquid,1.0,0.0,255.0,1.0
2,mNG_pilT_fliC-_liq_Gasket_0_event20_tirf_RAW_Stack.tif,935,255,255,255,,,4,1055,531.185,560400.0,187,850,155.156,307.005,405.986,137,497.708,68186.0,140,850,201.891,2,0,263.995,352.014,137,505.255,69220.0,208,786,156.096,1,0,0.926,mNG_pilT_fliC-,Liquid,2.0,0.0,255.0,1.0
3,mNG_pilT_fliC-_liq_Gasket_0_event20_tirf_RAW_Stack.tif,673,255,255,255,,,4,758,235.945,178846.0,91,578,80.471,125.26,78.393,112,235.286,26352.0,89,447,92.995,0,0,110.46,128.525,112,292.973,32813.0,76,578,138.656,1,0,1.179,mNG_pilT_fliC-,Liquid,3.0,0.0,255.0,1.0
1,mNG_pilT_fliC-_liq_Gasket_0_event3_tirf_RAW_Stack.tif,790,255,255,255,,,4,895,327.807,293387.0,118,844,130.08,274.819,293.456,156,346.295,54022.0,101,828,182.383,2,0,316.453,334.267,156,407.654,63594.0,98,844,210.049,2,0,1.25,mNG_pilT_fliC-,Liquid,1.0,0.0,255.0,1.0
1,mNG_pilT_fliC-_liq_Gasket_0_event4_tirf_RAW_Stack.tif,775,255,255,255,,,4,864,188.791,163115.0,87,562,68.4,403.645,72.757,37,135.622,5018.0,82,180,30.879,2,0,341.218,60.979,37,309.189,11440.0,112,562,151.946,4,0,1.198,mNG_pilT_fliC-,Liquid,1.0,0.0,255.0,1.0
1,mNG_pilT_fliC-_liq_Gasket_0_event5_tirf_RAW_Stack.tif,1167,255,255,255,,,4,1305,280.17,365622.0,126,497,82.196,260.092,269.036,177,207.068,36651.0,70,301,69.016,1,0,193.719,222.233,177,265.13,46928.0,105,435,91.324,0,0,0.7959999999999999,mNG_pilT_fliC-,Liquid,1.0,0.0,255.0,1.0
1,mNG_pilT_fliC-_liq_Gasket_0_event7_tirf_RAW_Stack.tif,622,255,255,255,,,4,693,465.208,322389.0,177,1019,149.361,276.427,275.03,137,405.693,55580.0,83,696,178.463,1,0,317.538,269.705,137,561.095,76870.0,176,1019,232.616,0,0,1.0659999999999998,mNG_pilT_fliC-,Liquid,1.0,0.0,255.0,1.0
1,mNG_pilT_fliC-_liq_Gasket_0_event8_tirf_RAW_Stack.tif,579,255,255,255,,,4,657,284.257,186757.0,98,698,94.793,143.245,317.1690000000001,137,244.073,33438.0,115,386,69.295,1,0,177.03900000000004,339.403,137,309.832,42447.0,41,698,171.19,1,0,0.957,mNG_pilT_fliC-,Liquid,1.0,0.0,255.0,1.0
1,mNG_pilT_fliC-_liq_Gasket_0_event9_tirf_RAW_Stack.tif,823,255,255,255,,,4,920,289.888,266697.0,118,731,92.806,301.975,149.342,156,261.423,40782.0,61,577,139.523,1,0,247.247,128.082,156,319.769,49884.0,118,731,150.341,1,0,1.004,mNG_pilT_fliC-,Liquid,1.0,0.0,255.0,1.0
2,mNG_pilT_fliC-_liq_Gasket_0_event9_tirf_RAW_Stack.tif,881,255,255,255,,,4,980,367.161,359818.0,139,942,119.75,172.717,375.557,137,381.657,52287.0,108,682,151.186,2,0,109.299,361.3730000000001,137,454.05800000000005,62206.0,154,942,196.402,2,0,1.203,mNG_pilT_fliC-,Liquid,2.0,0.0,255.0,1.0
1,mNG_pilT_fliC-_sol_Gasket_0_event1_tirf_RAW_Stack-1.tif,286,255,255,255,20.68531,35.73775999999999,4,329,192.97264,63488.0,78,398,68.06849,230.33416,301.83093,97,156.43299,15174.0,92,228,38.03833,0,0,224.45171,320.1004700000001,97,220.35052,21374.0,73,398,102.46728,0,0,0.94406,mNG_pilT_fliC-,Solid,1.0,,,
2,mNG_pilT_fliC-_sol_Gasket_0_event1_tirf_RAW_Stack-1.tif,435,255,255,255,31.0954,35.67241,4,496,166.63508000000004,82651.0,70,259,48.91206,259.14178,238.5727,112,137.5,15400.0,52,199,43.65322000000001,0,0,241.49185,261.14177,112,162.41964,18191.0,78,254,49.4965,0,0,0.83141,mNG_pilT_fliC-,Solid,2.0,,,
1,mNG_pilT_fliC-_sol_Gasket_0_event2_tirf_RAW_Stack.tif,876,255,255,255,43.977,45.653,4,989,268.983,266024.0,93,665,92.153,171.257,216.243,137,294.562,40355.0,69,665,153.10399999999996,2,0,212.922,167.91099999999997,137,298.263,40862.0,98,642,134.748,1,0,1.147,mNG_pilT_fliC-,Solid,1.0,,,
1,mNG_pilT_fliC-_sol_Gasket_0_event3_tirf_RAW_Stack.tif,512,255,255,255,,,4,581,418.549,243177.0,171,1206,167.96599999999995,306.524,217.175,112,336.946,37738.0,121,496,93.696,1,0,269.476,204.825,112,580.759,65045.0,153,1206,293.599,1,0,1.167,mNG_pilT_fliC-,Solid,1.0,0.0,255.0,1.0
1,mNG_pilT_fliC-_sol_Gasket_0_event4_tirf_RAW_Stack.tif,688,255,255,255,,,4,772,217.043,167557.0,82,353,61.254,290.597,207.211,156,174.35299999999995,27199.0,64,270,54.789,0,0,309.296,250.835,156,228.891,35707.0,71,353,84.803,0,0,0.8859999999999999,mNG_pilT_fliC-,Solid,1.0,0.0,255.0,1.0
1,mNG_pilT_fliC-_sol_Gasket_0_event5_tirf_RAW_Stack.tif,571,255,255,255,,,4,640,299.758,191845.0,115,578,84.34,277.986,253.444,137,270.803,37100.0,92,438,92.894,0,0,315.03,243.617,137,284.263,38944.0,68,578,134.55,0,0,0.877,mNG_pilT_fliC-,Solid,1.0,0.0,255.0,1.0
1,mNG_pilT_fliC-_sol_Gasket_0_event6_tirf_RAW_Stack.tif,490,255,255,255,,,4,549,326.128,179044.0,111,641,97.676,259.59,246.019,156,313.59,48920.0,85,482,122.445,0,0,289.508,240.498,156,330.276,51523.0,101,641,130.986,1,0,0.971,mNG_pilT_fliC-,Solid,1.0,0.0,255.0,1.0
1,mNG_pilT_fliC-_sol_Gasket_0_event8_tirf_RAW_Stack.tif,909,255,255,255,49.65,38.246,4,1020,225.64,230153.0,75,835,102.365,191.815,107.221,137,212.029,29048.0,100,295,59.75100000000001,0,0,135.295,140.963,137,353.847,48477.0,93,835,209.021,2,0,1.383,mNG_pilT_fliC-,Solid,1.0,,,
1,mNG_pilT_fliC-_sol_Gasket_1_event1_tirf_RAW_Stack.tif,844,255,255,255,42.28673,45.22393,4,960,363.06667,348544.0,118,1289,175.85841000000005,314.94631,216.21664,137,309.06569,42342.0,82,664,148.10818,3,0,272.89779,164.91122,137,583.29927,79912.0,123,1289,344.54145,1,0,1.35261,mNG_pilT_fliC-,Solid,1.0,,,
2,mNG_pilT_fliC-_sol_Gasket_1_event4_tirf_RAW_Stack.tif,856,255,255,255,26.64603,52.93808000000001,4,950,231.76105,220173.0,93,419,66.98938000000001,118.41434,374.30544,156,159.47436000000005,24878.0,46,262,58.51324,1,0,129.00708,314.7699,156,240.26282,37481.0,61,419,104.20483,0,0,0.80802,mNG_pilT_fliC-,Solid,1.0,,,
1,mNG_pilT_fliC-_sol_Gasket_1_event5_tirf_RAW_Stack.tif,976,255,255,255,31.07275,56.90984,4,1085,453.49585,492043.0,165,1398,159.03226,267.30379,251.36555,137,425.72993,58325.0,144,698,131.25438,1,0,285.12603,321.77841,137,573.34307,78548.0,97,1398,347.5555700000001,3,0,1.14065,mNG_pilT_fliC-,Solid,1.0,,,
1,mNG_pilT_fliC-_sol_Gasket_1_event7_tirf_RAW_Stack.tif,668,255,255,255,44.50100000000001,35.43,4,754,348.272,262597.0,130,688,109.269,185.311,242.668,137,334.372,45809.0,84,688,155.576,1,0,225.596,218.179,137,354.577,48577.0,130,653,135.555,1,0,0.983,mNG_pilT_fliC-,Solid,1.0,,,
1,mNG_pilT_fliC-_sol_Gasket_1_event8_tirf_RAW_Stack.tif,847,255,255,255,,,4,947,401.288,380020.0,146,790,116.68,321.801,176.044,156,316.115,49314.0,103,481,104.293,2,0,268.303,151.72799999999995,156,443.885,69246.0,153,790,173.373,1,0,0.923,mNG_pilT_fliC-,Solid,1.0,0.0,255.0,1.0
2,mNG_pilT_fliC-_sol_Gasket_1_event8_tirf_RAW_Stack.tif,668,255,255,255,,,4,764,318.78,243548.0,113,711,106.627,281.245,280.259,137,337.956,46300.0,95,683,148.748,2,0,241.84,314.838,137,341.212,46746.0,110,711,150.487,1,0,1.106,mNG_pilT_fliC-,Solid,2.0,0.0,255.0,1.0
1,mNG_pilT_fliC-_sol_Gasket_1_event9_tirf_RAW_Stack.tif,949,255,255,255,,,4,1070,394.818,422455.0,153,1579,200.968,241.988,392.478,137,302.095,41387.0,104,488,101.134,0,0,204.56,331.185,137,714.5989999999998,97900.0,187,1579,383.6,2,0,1.429,mNG_pilT_fliC-,Solid,1.0,0.0,255.0,1.0
1,mNG_pilT_fliC-_liq_Gasket_0_event1_tirf_RAW_Stack.tif,943,255,255,255,58.08112,20.46394,5,1043,343.44295,358211.0,135,932,112.41286,310.42483,219.52469,156,255.24359,39818.0,77,477,97.75258,1,0,240.545,221.21145,156,405.14103,63202.0,102,932,217.62662000000003,1,0,0.94584,mNG_pilT_fliC-,Liquid,1.0,,,
1,mNG_pilT_fliC-_liq_Gasket_0_event11_tirf_RAW_Stack.tif,550,255,255,255,36.385,36.18,5,627,506.898,317825.0,165,1322,187.229,356.31699999999995,320.95,137,461.27,63194.0,105,1110,252.194,5,0,326.653,295.085,137,611.555,83783.0,172,1322,268.296,1,0,1.108,mNG_pilT_fliC-,Liquid,1.0,,,
1,mNG_pilT_fliC-_liq_Gasket_0_event12_tirf_RAW_Stack.tif,722,255,255,255,,,5,804,278.782,224141.0,101,495,73.736,344.394,233.222,52,271.308,14108.0,117,385,85.09899999999998,0,0,286.532,241.239,52,295.115,15346.0,92,495,130.483,0,0,1.018,mNG_pilT_fliC-,Liquid,1.0,0.0,255.0,1.0
1,mNG_pilT_fliC-_liq_Gasket_0_event13_tirf_RAW_Stack.tif,721,255,255,255,,,5,800,323.521,258817.0,108,569,88.735,243.415,249.837,156,305.577,47670.0,130,437,90.629,0,0,252.673,296.145,156,316.545,49381.0,68,569,130.955,2,0,0.938,mNG_pilT_fliC-,Liquid,1.0,0.0,255.0,1.0
1,mNG_pilT_fliC-_liq_Gasket_0_event14_tirf_RAW_Stack.tif,789,255,255,255,27.5545,62.02598,5,878,393.45216,345451.0,129,853,116.28789,202.39095,224.39839,156,360.69231,56268.0,110,674,143.47159,3,0,212.96916,280.53382,156,407.44872,63562.0,103,853,180.70751,0,0,0.96349,mNG_pilT_fliC-,Liquid,1.0,,,
1,mNG_pilT_fliC-_liq_Gasket_0_event2_tirf_RAW_Stack.tif,889,255,255,255,39.491,59.03431,5,1000,377.809,377809.0,147,1268,161.48518,289.1548200000001,310.38277,137,304.7956200000001,41757.0,92,525,114.56658,0,0,267.14979,373.0211,137,423.10949000000005,57966.0,68,1268,337.90687,1,0,0.95017,mNG_pilT_fliC-,Liquid,1.0,,,
1,mNG_pilT_fliC-_liq_Gasket_0_event20_tirf_RAW_Stack.tif,828,255,255,255,36.1087,56.950480000000006,5,931,311.93018,290407.0,114,637,94.69084,250.42012000000003,294.94969,156,258.32692000000003,40299.0,70,494,104.07684,1,0,273.57988,237.05031,156,331.26923,51678.0,110,637,137.64444,0,0,0.91962,mNG_pilT_fliC-,Liquid,1.0,,,
1,mNG_pilT_fliC-_liq_Gasket_0_event3_tirf_RAW_Stack.tif,680,255,255,255,43.06471,42.49265,5,776,409.81314,318015.0,133,1150,164.71306,234.74193,249.45986,156,331.51923,51717.0,87,521,129.40028,3,0,269.6844,212.94716,156,545.35897,85076.0,123,1150,273.6206,1,0,1.12258,mNG_pilT_fliC-,Liquid,1.0,,,
1,mNG_pilT_fliC-_liq_Gasket_0_event5_tirf_RAW_Stack.tif,577,255,255,255,36.28683,39.43761,5,655,208.2626,136412.0,62,341,60.82246,60.26886,337.48721,137,191.59854,26249.0,56,341,76.04173,1,0,86.21804,306.9280100000001,137,207.9635,28491.0,57,338,82.3215,0,0,0.93198,mNG_pilT_fliC-,Liquid,1.0,,,
1,mNG_pilT_fliC-_liq_Gasket_0_event7_tirf_RAW_Stack.tif,500,255,255,255,34.816,43.842,5,568,291.61092,165635.0,114,430,83.57661,214.95797,318.01589,137,255.63504,35022.0,98,430,98.63181,0,0,235.26424,291.1527700000001,137,266.29927000000004,36483.0,68,423,106.9539,0,0,0.81509,mNG_pilT_fliC-,Liquid,1.0,,,
1,mNG_pilT_fliC-_liq_Gasket_0_event8_tirf_RAW_Stack.tif,504,255,255,255,32.58333,34.93056,5,572,288.79021,165188.0,119,467,81.93144000000002,296.807,264.52746,137,227.13869,31118.0,75,383,90.03179,0,0,274.07298,239.5821,137,304.59854,41730.0,117,467,96.41595,0,0,0.85801,mNG_pilT_fliC-,Liquid,1.0,,,
1,mNG_pilT_fliC-_liq_Gasket_0_event9_tirf_RAW_Stack.tif,479,255,255,255,21.63152,42.9739,5,536,316.09888,169429.0,120,551,93.18046,252.15425,279.7978,137,243.20438,33319.0,42,454,118.60148,0,0,252.15425,248.2022,137,319.0219,43706.0,68,551,141.41441,0,0,0.79706,mNG_pilT_fliC-,Liquid,1.0,,,
1,mNG_pilT_fliC-_sol_Gasket_0_event1_tirf_RAW_Stack.tif,856,255,255,255,37.41005,42.69276,5,961,306.01457,294080.0,109,595,84.76005,421.32868,224.72164,177,264.57062,46829.0,74,595,133.32728999999998,0,0,377.92584,186.11902,177,296.63842,52505.0,121,434,92.80995,0,0,0.87461,mNG_pilT_fliC-,Solid,1.0,,,
2,mNG_pilT_fliC-_sol_Gasket_0_event1_tirf_RAW_Stack.tif,853,255,255,255,50.7626,41.14596,5,963,233.98131,225324.0,91,605,77.78935,116.59278,259.277,156,229.88462,35862.0,71,448,98.36003,3,0,66.24165,222.95272000000003,156,271.33333,42328.0,83,605,138.51709,2,0,1.10883,mNG_pilT_fliC-,Solid,2.0,,,
1,mNG_pilT_fliC-_sol_Gasket_0_event11_tirf_RAW_Stack.tif,705,255,255,255,,,5,793,379.549,300982.0,129,759,114.251,393.508,360.815,137,365.168,50028.0,138,515,111.586,1,0,372.829,405.341,137,378.292,51826.0,104,759,172.032,1,0,0.969,mNG_pilT_fliC-,Solid,1.0,0.0,255.0,1.0
1,mNG_pilT_fliC-_sol_Gasket_0_event12_tirf_RAW_Stack.tif,926,255,255,255,,,5,1034,226.133,233822.0,85,488,70.62899999999998,192.109,244.669,156,26.115,4074.0,19,34,3.907,0,0,255.789,222.043,156,29.782,4646.0,20,39,4.54,1,0,0.09,mNG_pilT_fliC-,Solid,1.0,0.0,255.0,1.0
1,mNG_pilT_fliC-_sol_Gasket_0_event14_tirf_RAW_Stack.tif,674,255,255,255,,,5,761,299.558,227964.0,96,772,108.388,282.302,289.659,137,246.745,33804.0,64,518,110.165,0,0,254.861,251.224,137,405.161,55507.0,127,772,169.015,1,0,1.145,mNG_pilT_fliC-,Solid,1.0,0.0,255.0,1.0
1,mNG_pilT_fliC-_sol_Gasket_0_event16_tirf_RAW_Stack.tif,956,255,255,255,,,5,1078,357.26199999999994,385128.0,112,653,110.879,196.161,225.422,156,337.404,52635.0,66,556,159.623,2,0,247.081,177.83700000000005,156,344.231,53700.0,90,653,164.34,0,0,0.936,mNG_pilT_fliC-,Solid,1.0,0.0,255.0,1.0
2,mNG_pilT_fliC-_sol_Gasket_0_event16_tirf_RAW_Stack.tif,697,255,255,255,,,5,781,323.891,252959.0,110,903,121.664,254.68,389.01,137,230.54,31584.0,62,393,100.279,2,0,242.552,338.934,137,435.343,59642.0,131,903,209.626,0,0,1.044,mNG_pilT_fliC-,Solid,2.0,0.0,255.0,1.0
1,mNG_pilT_fliC-_sol_Gasket_0_event19_tirf_RAW_Stack.tif,1133,255,255,255,,,5,1275,411.642,524843.0,137,1545,193.785,310.522,305.713,137,393.263,53877.0,78,1513,347.302,2,0,237.443,261.345,137,504.715,69146.0,171,943,202.688,3,0,1.119,mNG_pilT_fliC-,Solid,1.0,0.0,255.0,1.0
1,mNG_pilT_fliC-_sol_Gasket_0_event20_tirf_RAW_Stack.tif,1092,255,255,255,,,5,1224,293.145,358809.0,101,570,81.97399999999998,293.243,348.136,156,285.3590000000001,44516.0,85,570,127.533,2,0,227.803,304.7940000000001,156,287.622,44869.0,100,556,116.963,1,0,0.97,mNG_pilT_fliC-,Solid,1.0,0.0,255.0,1.0
1,mNG_pilT_fliC-_sol_Gasket_0_event22_tirf_RAW_Stack.tif,590,255,255,255,,,5,658,318.415,209517.0,119,483,83.334,242.277,247.139,137,280.993,38496.0,91,483,104.084,1,0,281.754,241.061,137,323.869,44370.0,141,476,94.174,0,0,0.917,mNG_pilT_fliC-,Solid,1.0,0.0,255.0,1.0
1,mNG_pilT_fliC-_sol_Gasket_0_event3_tirf_RAW_Stack.tif,708,255,255,255,27.31497,45.23729,5,792,218.77778,173272.0,80,447,64.5619,109.90013,179.01538,137,210.07299,28780.0,61,374,86.50532,5,0,94.79499,132.08302,137,256.0146,35074.0,108,447,86.19762,0,0,1.10326,mNG_pilT_fliC-,Solid,1.0,,,
2,mNG_pilT_fliC-_sol_Gasket_0_event3_tirf_RAW_Stack.tif,664,255,255,255,24.75151,47.48946,5,745,407.80268,303813.0,140,755,122.13202,448.6287,361.12821,137,366.0365,50147.0,95,755,170.64498999999995,1,0,432.15586,317.95427,137,423.58394,58031.0,126,719,154.82783,3,0,0.95052,mNG_pilT_fliC-,Solid,2.0,,,
1,mNG_pilT_fliC-_sol_Gasket_0_event4_tirf_RAW_Stack.tif,1192,255,255,255,50.74664,45.85403,5,1338,284.71375,380947.0,102,735,94.86382,224.75294,366.27963,177,292.26554,51731.0,97,500,108.91684,1,0,295.11249,416.9074700000001,177,315.48023,55840.0,73,735,173.49758,1,0,1.09377,mNG_pilT_fliC-,Solid,1.0,,,
1,mNG_pilT_fliC-_sol_Gasket_0_event7_tirf_RAW_Stack.tif,1160,255,255,255,25.18,67.192,5,1281,388.837,498100.0,146,910,114.7,299.3040000000001,318.521,156,414.109,64601.0,116,810,194.401,1,0,301.059,399.434,156,444.917,69407.0,139,910,188.023,2,0,1.143,mNG_pilT_fliC-,Solid,1.0,,,
1,mNG_pilT_fliC-_sol_Gasket_0_event9_tirf_RAW_Stack.tif,973,255,255,255,,,5,1094,421.199,460792.0,148,1229,168.798,330.845,242.663,156,352.3780000000001,54971.0,99,587,133.251,1,0,277.38,200.055,156,642.712,100263.0,171,1229,302.061,1,0,1.273,mNG_pilT_fliC-,Solid,1.0,0.0,255.0,1.0
1,mNG_pilT_fliC-_sol_Gasket_1_event1_tirf_RAW_Stack.tif,475,255,255,255,27.76947,42.45579,5,537,368.67039,197976.0,144,567,107.96077,319.05578,215.51792000000003,112,323.22321,36201.0,156,479,86.76578,0,0,330.0308,185.51377,112,330.03571,36964.0,128,530,111.54427,0,0,0.81912,mNG_pilT_fliC-,Solid,1.0,,,
1,mNG_pilT_fliC-_sol_Gasket_1_event10_tirf_RAW_Stack.tif,485,255,255,255,33.84433,34.12062,5,553,226.11392,125041.0,73,340,70.24514,367.07777,182.51446,137,199.83942,27378.0,68,314,70.95195,0,0,390.52042,159.08432,137,214.30657,29360.0,40,340,92.11706,0,0,0.8458399999999999,mNG_pilT_fliC-,Solid,1.0,,,
2,mNG_pilT_fliC-_sol_Gasket_1_event10_tirf_RAW_Stack.tif,575,255,255,255,45.75913,35.16261,5,649,294.9245,191406.0,89,726,106.97158,142.86892,387.08362,137,266.91971,36568.0,85,426,97.52934,1,0,181.1781,374.05479,137,346.41606,47459.0,61,726,180.75571,2,0,1.0709799999999998,mNG_pilT_fliC-,Solid,2.0,,,
1,mNG_pilT_fliC-_sol_Gasket_1_event11_tirf_RAW_Stack.tif,578,255,255,255,27.81661,41.71453,5,651,264.58833,172247.0,102,556,81.7949,366.54887,316.01016,156,200.30128,31247.0,86,316,65.57718,0,0,381.45113,280.98984,156,275.42949,42967.0,84,556,123.16619,0,0,0.8225399999999999,mNG_pilT_fliC-,Solid,1.0,,,
1,mNG_pilT_fliC-_sol_Gasket_1_event13_tirf_RAW_Stack.tif,945,255,255,255,67.42593000000001,27.24074,5,1061,392.20358,416128.0,140,1574,215.54835,72.39783,195.31807,112,309.35714,34648.0,124,533,110.20373,1,0,148.54443999999995,211.94609,112,826.2678599999998,92542.0,168,1574,413.86613,9,0,1.64485,mNG_pilT_fliC-,Solid,1.0,,,
1,mNG_pilT_fliC-_sol_Gasket_1_event15_tirf_RAW_Stack.tif,980,255,255,255,54.08776,35.63367,5,1094,464.94881,508654.0,152,874,137.31122,145.29539,92.09444,156,463.48718,72304.0,122,874,184.92438,3,0,208.45847,66.29838000000001,156,464.23077,72420.0,132,698,161.72863999999996,3,0,0.99672,mNG_pilT_fliC-,Solid,1.0,,,
2,mNG_pilT_fliC-_sol_Gasket_1_event15_tirf_RAW_Stack.tif,1247,255,255,255,39.9579,66.11828,5,1384,316.55347,438110.0,122,635,96.03158,309.73963,420.3968,177,295.92655,52379.0,108,635,123.20677,1,0,338.93268,338.84354,177,296.63842,52505.0,97,596,118.33079,0,0,0.91581,mNG_pilT_fliC-,Solid,2.0,,,
1,mNG_pilT_fliC-_sol_Gasket_1_event16_tirf_RAW_Stack.tif,1005,255,255,255,50.22637,44.84627,5,1128,231.43617000000003,261060.0,95,447,66.24762,403.82123,260.84466000000003,177,169.93785,30079.0,71,259,53.65421,0,0,351.42003,307.42685,177,246.41243,43615.0,96,447,96.24138,0,0,0.8599600000000001,mNG_pilT_fliC-,Solid,1.0,,,
1,mNG_pilT_fliC-_sol_Gasket_1_event18_tirf_RAW_Stack.tif,768,255,255,255,20.77995,59.5013,5,855,255.4538,218413.0,108,596,94.35129,361.0292,230.17522,137,275.75182,37778.0,94,596,123.66599,2,0,369.22349,286.78794,137,307.94161,42188.0,75,579,154.83728,0,0,1.22475,mNG_pilT_fliC-,Solid,1.0,,,
1,mNG_pilT_fliC-_sol_Gasket_1_event19_tirf_RAW_Stack.tif,1133,255,255,255,60.91924,36.69153,5,1268,354.40694,449388.0,112,1145,126.27278,348.9605200000001,233.57108,156,338.55128,52814.0,106,606,125.0813,1,0,269.03948,201.42892,156,480.21795,74914.0,149,1145,254.92401,1,0,1.21672,mNG_pilT_fliC-,Solid,1.0,,,
2,mNG_pilT_fliC-_sol_Gasket_1_event19_tirf_RAW_Stack.tif,781,255,255,255,35.4347,48.95711,5,879,345.66894,303843.0,152,734,104.39192,272.67059,380.54346,137,254.9635,34930.0,109,391,78.11007,0,0,244.11204,331.58337,137,396.35766,54301.0,126,734,145.82533,0,0,0.91805,mNG_pilT_fliC-,Solid,2.0,,,
1,mNG_pilT_fliC-_sol_Gasket_1_event20_tirf_RAW_Stack.tif,895,255,255,255,60.13575,25.81844,5,994,377.20624,374943.0,127,1297,145.98406,214.96336,376.0307,137,330.25547,45245.0,131,686,134.11463999999998,1,0,283.99382,377.7415,137,518.73723,71067.0,107,1297,305.82512,0,0,1.18175,mNG_pilT_fliC-,Solid,1.0,,,
1,mNG_pilT_fliC-_sol_Gasket_1_event3_tirf_RAW_Stack.tif,922,255,255,255,32.38395,63.96963,5,1034,106.70986,110338.0,44,261,34.8994,91.72696,42.00681,137,74.50365,10207.0,53,92,9.86014,0,0,113.86996,110.12403,137,126.16788,17285.0,35,261,60.56931,0,0,0.92044,mNG_pilT_fliC-,Solid,1.0,,,
1,mNG_pilT_fliC-_sol_Gasket_1_event4_tirf_RAW_Stack.tif,1115,255,255,255,68.99058000000001,27.05964,5,1233,242.72101,299275.0,89,547,72.90683,405.11653,265.27195,156,228.66026,35671.0,59,477,98.55475,1,0,326.8834700000001,279.72805,156,280.33333,43732.0,74,547,120.07118,2,0,1.06604,mNG_pilT_fliC-,Solid,1.0,,,
1,mNG_pilT_fliC-_sol_Gasket_1_event8_tirf_RAW_Stack.tif,1010,255,255,255,54.28811999999999,40.23663,5,1130,200.84513,226955.0,83,390,59.83864000000001,239.91442,169.59992,177,150.0,26550.0,46,280,55.3607,1,0,180.05567,205.35,177,184.08475,32583.0,51,345,72.07303,1,0,0.7724,mNG_pilT_fliC-,Solid,1.0,,,
1,mNG_pilT_fliC-_sol_Gasket_1_event9_tirf_RAW_Stack.tif,682,255,255,255,48.72581,25.35044,5,763,484.60288,369752.0,185,1378,174.36713999999995,402.13401,401.34629,137,474.64964,65027.0,138,789,189.01002,2,0,353.8559,412.61046,137,579.87591,79443.0,127,1378,323.73009,2,0,1.14448,mNG_pilT_fliC-,Solid,1.0,,,
